geo,indicator,forecast_2023,model_used
AL01,gdp_eur_hab,5046.299264059289,Single
AL02,gdp_eur_hab,7543.514318400489,Single
AL03,gdp_eur_hab,5414.078370649848,Single
ATZZ,gdp_eur_hab,3582.452673676895,Single
BEZZ,gdp_eur_hab,3582.452673676895,Single
CH01,gdp_eur_hab,81463.08523046755,Single
CH02,gdp_eur_hab,75885.15660963583,Single
CH03,gdp_eur_hab,92708.68173088916,Single
CH04,gdp_eur_hab,98112.45953821753,Single
CH05,gdp_eur_hab,67520.14395547024,Single
CH06,gdp_eur_hab,81559.64035404497,Single
CH07,gdp_eur_hab,93349.6728401878,Single
DKZZ,gdp_eur_hab,3582.452673676895,Single
ESZZ,gdp_eur_hab,3582.452673676895,Single
FIZZ,gdp_eur_hab,3582.452673676895,Single
FRZZ,gdp_eur_hab,3582.452673676895,Single
HUZZ,gdp_eur_hab,3582.452673676895,Single
ITZZ,gdp_eur_hab,3582.452673676895,Single
LVZZ,gdp_eur_hab,3582.452673676895,Single
MTZZ,gdp_eur_hab,3582.452673676895,Single
NLZZ,gdp_eur_hab,3582.452673676895,Single
NO02,gdp_eur_hab,43775.68716458703,Single
NO06,gdp_eur_hab,55340.97744685307,Single
NO07,gdp_eur_hab,52682.614036207866,Single
NO08,gdp_eur_hab,69141.26508140369,Single
NO09,gdp_eur_hab,47269.76975872807,Single
NO0A,gdp_eur_hab,64414.40079799341,Single
NO0B,gdp_eur_hab,3582.452673676895,Single
NOZZ,gdp_eur_hab,3582.452673676895,Single
PLZZ,gdp_eur_hab,3582.452673676895,Single
PTZZ,gdp_eur_hab,3582.452673676895,Single
ROZZ,gdp_eur_hab,3582.452673676895,Single
RSZZ,gdp_eur_hab,3582.452673676895,Single
SEZZ,gdp_eur_hab,3582.452673676895,Single
AL01,gdp_mio_eur,3232.129111556725,Single
AL02,gdp_mio_eur,6586.9409942316315,Single
AL03,gdp_mio_eur,3524.785248518922,Single
CH01,gdp_mio_eur,104405.32103498296,Single
CH02,gdp_mio_eur,121824.88582307068,Single
CH03,gdp_mio_eur,82646.70346993287,Single
CH04,gdp_mio_eur,145060.12317959225,Single
CH05,gdp_mio_eur,67060.7960531069,Single
CH06,gdp_mio_eur,53705.432958671765,Single
CH07,gdp_mio_eur,23478.46569924274,Single
NO02,gdp_mio_eur,17384.05341033818,Single
NO06,gdp_mio_eur,22766.54612582174,Single
NO07,gdp_mio_eur,24465.650518576156,Single
NO08,gdp_mio_eur,131518.85684099008,Single
NO09,gdp_mio_eur,30001.83646046181,Single
NO0A,gdp_mio_eur,80918.22989681951,Single
NO0B,gdp_mio_eur,483.5608902078197,Single
NOZZ,gdp_mio_eur,38697.68359375,Single
PLZZ,gdp_mio_eur,216.57064072507274,Single
AL01,gfcf,1109.5891430740735,Multi
AL02,gfcf,1177.592585860549,Multi
AL03,gfcf,1044.5316751397927,Multi
AT11,gfcf,2282.3265778413383,Multi
AT12,gfcf,17173.97450501044,Multi
AT13,gfcf,26239.241958862727,Multi
AT21,gfcf,6825.369390362155,Multi
AT22,gfcf,14240.314082090918,Multi
AT31,gfcf,19374.18153224868,Multi
AT32,gfcf,7271.979250831001,Multi
AT33,gfcf,8438.602076917421,Multi
AT34,gfcf,4717.539685663971,Multi
ATZZ,gfcf,197.98460343194142,Multi
BE10,gfcf,23739.67032079194,Multi
BE21,gfcf,25936.98556367847,Multi
BE22,gfcf,8101.2411009825155,Multi
BE23,gfcf,16356.802060072823,Multi
BE24,gfcf,13997.752890162297,Multi
BE25,gfcf,14165.993742874265,Multi
BE31,gfcf,5999.448936692892,Multi
BE32,gfcf,8490.220151401518,Multi
BE33,gfcf,8355.66804769008,Multi
BE34,gfcf,1951.932420684119,Multi
BE35,gfcf,3699.51814798588,Multi
BEZZ,gfcf,236.08487329858417,Multi
BG31,gfcf,1156.1784579087625,Multi
BG32,gfcf,1170.5676361788323,Multi
BG33,gfcf,1752.8186014877992,Multi
BG34,gfcf,2083.6333636866984,Multi
BG41,gfcf,8459.975057188538,Multi
BG42,gfcf,2390.7327527285397,Multi
CH01,gfcf,23898.583861038893,Multi
CH02,gfcf,27886.968529085083,Multi
CH03,gfcf,21350.40511301926,Multi
CH04,gfcf,28686.26334462856,Multi
CH05,gfcf,19446.010912148766,Multi
CH06,gfcf,13975.752742989147,Multi
CH07,gfcf,7580.847108952979,Multi
DE11,gfcf,59454.35454398579,Multi
DE12,gfcf,39935.446354903885,Multi
DE13,gfcf,23965.40532088325,Multi
DE14,gfcf,23970.71795230653,Multi
DE21,gfcf,75877.89487876801,Multi
DE22,gfcf,12736.233872920615,Multi
DE23,gfcf,13785.10670584657,Multi
DE24,gfcf,9211.180722706016,Multi
DE25,gfcf,23391.659720162854,Multi
DE26,gfcf,14576.483766880323,Multi
DE27,gfcf,21842.204145602445,Multi
DE30,gfcf,39118.86698282531,Multi
DE40,gfcf,20343.779983901833,Multi
DE50,gfcf,6477.103206864842,Multi
DE60,gfcf,37561.89939471439,Multi
DE71,gfcf,54966.799552475546,Multi
DE72,gfcf,7847.084873037205,Multi
DE73,gfcf,9513.783190963124,Multi
DE80,gfcf,12253.015894320186,Multi
DE91,gfcf,23861.82146139547,Multi
DE92,gfcf,25124.15602857031,Multi
DE93,gfcf,14295.882926413167,Multi
DE94,gfcf,26686.50347999783,Multi
DEA1,gfcf,50650.05838103199,Multi
DEA2,gfcf,48288.174345711304,Multi
DEA3,gfcf,21520.850024800286,Multi
DEA4,gfcf,19965.945997327664,Multi
DEA5,gfcf,33514.71841917184,Multi
DEB1,gfcf,12545.877191893618,Multi
DEB2,gfcf,4968.049020306318,Multi
DEB3,gfcf,22344.734960146918,Multi
DEC0,gfcf,6669.150373433597,Multi
DED2,gfcf,11913.39251708686,Multi
DED4,gfcf,9716.2053751376,Multi
DED5,gfcf,9044.687865100123,Multi
DEE0,gfcf,15493.395003274962,Multi
DEF0,gfcf,23918.02986901316,Multi
DEG0,gfcf,15463.728878775513,Multi
DK01,gfcf,41343.05321601936,Multi
DK02,gfcf,7318.050792205489,Multi
DK03,gfcf,14976.49572111312,Multi
DK04,gfcf,19308.51643596503,Multi
DK05,gfcf,6705.643267557169,Multi
DKZZ,gfcf,2070.3585713892517,Multi
EL30,gfcf,21841.059963711916,Multi
EL41,gfcf,781.6315810513107,Multi
EL42,gfcf,1555.1379414173105,Multi
EL43,gfcf,2546.1891293475237,Multi
EL51,gfcf,1991.6908094684497,Multi
EL52,gfcf,6368.972812257711,Multi
EL53,gfcf,1152.9258345958995,Multi
EL54,gfcf,1274.4890947792271,Multi
EL61,gfcf,2655.8236400600235,Multi
EL62,gfcf,1071.3642324359191,Multi
EL63,gfcf,2276.007661245193,Multi
EL64,gfcf,2779.7653107105175,Multi
EL65,gfcf,2278.3468862496325,Multi
ES11,gfcf,13949.90222469325,Multi
ES12,gfcf,6492.919985840559,Multi
ES13,gfcf,3788.4164775163713,Multi
ES21,gfcf,18381.898263166273,Multi
ES22,gfcf,6524.302559794921,Multi
ES23,gfcf,1932.180963192894,Multi
ES24,gfcf,9976.834639284161,Multi
ES30,gfcf,67367.55766608569,Multi
ES41,gfcf,13962.57657670205,Multi
ES42,gfcf,11674.517451193067,Multi
ES43,gfcf,6590.018335042838,Multi
ES51,gfcf,57392.96533701521,Multi
ES52,gfcf,29429.51727473204,Multi
ES53,gfcf,7048.372851866528,Multi
ES61,gfcf,37130.035087086515,Multi
ES62,gfcf,8568.49997188387,Multi
ES63,gfcf,677.9981021309829,Multi
ES64,gfcf,641.0654290979438,Multi
ES70,gfcf,8404.817357526756,Multi
ESZZ,gfcf,382.72833389922664,Multi
FI19,gfcf,15220.238922417662,Multi
FI1B,gfcf,26292.0923153526,Multi
FI1C,gfcf,11505.137780556724,Multi
FI1D,gfcf,13676.529873877214,Multi
FI20,gfcf,0.0,Multi
FIZZ,gfcf,200.63448172719694,Multi
HU11,gfcf,14063.769016946273,Multi
HU12,gfcf,4679.757869453973,Multi
HU21,gfcf,5775.25472239195,Multi
HU22,gfcf,5146.191016238159,Multi
HU23,gfcf,3788.1657214381644,Multi
HU31,gfcf,3781.61458790233,Multi
HU32,gfcf,5269.903784454738,Multi
HU33,gfcf,4952.486828766847,Multi
HUZZ,gfcf,199.97327985189804,Multi
IE04,gfcf,8375.747198836874,Multi
IE05,gfcf,52033.45713225671,Multi
IE06,gfcf,58947.43111098195,Multi
ITC1,gfcf,38015.01247792907,Multi
ITC2,gfcf,590.9507221001256,Multi
ITC3,gfcf,12875.125515759668,Multi
ITC4,gfcf,83634.01663938069,Multi
ITF1,gfcf,9073.985973296416,Multi
ITF2,gfcf,1898.7739274191251,Multi
ITF3,gfcf,27345.6710175049,Multi
ITF4,gfcf,17505.844314433816,Multi
ITF5,gfcf,4139.11214817468,Multi
ITF6,gfcf,7715.32675152009,Multi
ITG1,gfcf,22187.829539962997,Multi
ITG2,gfcf,8673.157753995896,Multi
ITH1,gfcf,6586.571973200889,Multi
ITH2,gfcf,5556.286484050561,Multi
ITH3,gfcf,42766.20511329157,Multi
ITH4,gfcf,9478.34513860461,Multi
ITH5,gfcf,43592.090178933635,Multi
ITI1,gfcf,29838.76901793356,Multi
ITI2,gfcf,7443.952374570692,Multi
ITI3,gfcf,10367.160784076248,Multi
ITI4,gfcf,47521.54637755001,Multi
ITZZ,gfcf,906.6903915993823,Multi
LT01,gfcf,6263.882823903419,Multi
LT02,gfcf,9300.868960321353,Multi
LVZZ,gfcf,198.43521098769278,Multi
MK00,gfcf,3338.9798565619203,Multi
MTZZ,gfcf,199.6624728721065,Multi
NL11,gfcf,6416.420896687903,Multi
NL12,gfcf,6872.948401942607,Multi
NL13,gfcf,3830.2376576736783,Multi
NL21,gfcf,13043.312021866157,Multi
NL22,gfcf,23835.86973556085,Multi
NL23,gfcf,3892.4150578219887,Multi
NL32,gfcf,42267.372342942865,Multi
NL34,gfcf,4438.202985191938,Multi
NL41,gfcf,32056.95899077713,Multi
NL42,gfcf,12268.553749576902,Multi
NLZZ,gfcf,1630.939502829657,Multi
NO02,gfcf,2869.134859906143,Multi
NO06,gfcf,5448.544960187987,Multi
NO07,gfcf,5675.50469128501,Multi
NO08,gfcf,37201.74672360642,Multi
NO09,gfcf,5806.403971375208,Multi
NO0A,gfcf,25098.566191105125,Multi
NO0B,gfcf,247.16535876013415,Multi
NOZZ,gfcf,36686.8269345401,Multi
PL21,gfcf,10503.762467749253,Multi
PL22,gfcf,16924.824906124188,Multi
PL41,gfcf,12530.785105822235,Multi
PL42,gfcf,5991.707574128478,Multi
PL43,gfcf,3743.0550943580192,Multi
PL51,gfcf,11659.522369529557,Multi
PL52,gfcf,3065.6781144015085,Multi
PL61,gfcf,7572.981519776103,Multi
PL62,gfcf,4494.962329093018,Multi
PL63,gfcf,8619.118856238132,Multi
PL71,gfcf,9191.951326676932,Multi
PL72,gfcf,3909.1272521301917,Multi
PL81,gfcf,6428.729511056571,Multi
PL82,gfcf,6564.964259159688,Multi
PL84,gfcf,4448.503564749426,Multi
PL91,gfcf,23481.097251339947,Multi
PL92,gfcf,9175.201470544234,Multi
PLZZ,gfcf,199.97327985189804,Multi
PT11,gfcf,16042.658023014483,Multi
PT15,gfcf,2031.8845961589443,Multi
PT20,gfcf,1281.9656108689005,Multi
PT30,gfcf,1435.2324350203603,Multi
PTZZ,gfcf,191.82323572831206,Multi
RO11,gfcf,8114.2511868076635,Multi
RO12,gfcf,7954.744596074216,Multi
RO21,gfcf,6421.195182205049,Multi
RO22,gfcf,6973.862303730752,Multi
RO31,gfcf,7543.952272575274,Multi
RO32,gfcf,22750.788240492977,Multi
RO41,gfcf,4520.903946110074,Multi
RO42,gfcf,6279.646755901588,Multi
ROZZ,gfcf,199.47504254905817,Multi
RS11,gfcf,6841.771387687523,Multi
RS12,gfcf,4351.529523993408,Multi
RS21,gfcf,2374.567567906289,Multi
RS22,gfcf,2371.0339052842473,Multi
RSZZ,gfcf,199.28965679871953,Multi
SE11,gfcf,48770.01337285971,Multi
SE12,gfcf,22500.397636515532,Multi
SE21,gfcf,9895.667785265354,Multi
SE22,gfcf,18978.408063540057,Multi
SE23,gfcf,27333.974922972713,Multi
SE31,gfcf,7991.373198690944,Multi
SE32,gfcf,3632.664237198296,Multi
SE33,gfcf,11814.419017922124,Multi
SEZZ,gfcf,197.69189792576654,Multi
SI03,gfcf,7424.416137312757,Multi
SI04,gfcf,8198.21247604963,Multi
SK01,gfcf,6451.642297025085,Multi
SK02,gfcf,8947.526284150885,Multi
SK03,gfcf,5191.861296316866,Multi
SK04,gfcf,5033.750070525399,Multi
TR10,gfcf,27089.362189925414,Multi
TR21,gfcf,4313.25383529498,Multi
TR22,gfcf,2483.0669827135903,Multi
TR31,gfcf,5702.348145905441,Multi
TR32,gfcf,4531.018308593815,Multi
TR33,gfcf,5328.953478177832,Multi
TR41,gfcf,6087.573545344028,Multi
TR42,gfcf,6373.368270085956,Multi
TR51,gfcf,7394.114220713346,Multi
TR52,gfcf,2741.511412063291,Multi
TR61,gfcf,3804.817275174049,Multi
TR62,gfcf,4868.276332659036,Multi
TR63,gfcf,3800.1781910599407,Multi
TR71,gfcf,2239.6663273564704,Multi
TR72,gfcf,2743.2859357301395,Multi
TR81,gfcf,1092.1010367328909,Multi
TR82,gfcf,992.5488891601562,Multi
TR83,gfcf,2353.81028208255,Multi
TR90,gfcf,2349.325128092118,Multi
TRA1,gfcf,991.9935913085938,Multi
TRA2,gfcf,697.2782592773438,Multi
TRB1,gfcf,2242.5625826690666,Multi
TRB2,gfcf,1088.80350312282,Multi
TRC1,gfcf,3458.1685169037373,Multi
TRC2,gfcf,2309.069462759129,Multi
TRC3,gfcf,2367.202261129728,Multi
AL01,gva,3355.7437437802414,Single
AL02,gva,7257.343241909342,Single
AL03,gva,3583.861763150968,Single
CH01,gva,125297.48105427374,Single
CH02,gva,59930.61328125,Single
CH03,gva,43867.28515625,Single
CH04,gva,1135064.8936419485,Single
CH05,gva,29640.173828125,Single
CH06,gva,23714.92578125,Single
CH07,gva,59711.80224517932,Single
NO02,gva,538693.715286076,Single
NO06,gva,22292.84197458146,Single
NO07,gva,688467.0652675891,Single
NO08,gva,888091.4151377083,Single
NO09,gva,1178029.950557099,Single
NO0A,gva,70534.96219009742,Single
NO0B,gva,10295.617083280044,Single
NOZZ,gva,57381.57398678656,Single
PLZZ,gva,113.70021888458359,Single
AL01,gva_sector_a,641.2412319257257,Single
AL02,gva_sector_a,448.797484957948,Single
AL03,gva_sector_a,1248.2531841924342,Single
BEZZ,gva_sector_a,0.0,Single
CH01,gva_sector_a,914.9636947975165,Single
CH02,gva_sector_a,1122.3317318577895,Single
CH03,gva_sector_a,333.79622575619794,Single
CH04,gva_sector_a,331.0226158942453,Single
CH05,gva_sector_a,860.6727991498079,Single
CH06,gva_sector_a,510.0786469062058,Single
CH07,gva_sector_a,68.28226857471192,Single
DE11,gva_sector_a,1187.6271166119157,Single
DE12,gva_sector_a,442.5086979881574,Single
DE13,gva_sector_a,704.6929173377578,Single
DE14,gva_sector_a,831.1591279275455,Single
DE21,gva_sector_a,1611.765119393438,Single
DE22,gva_sector_a,1375.0911165171779,Single
DE23,gva_sector_a,821.6189445765469,Single
DE24,gva_sector_a,535.3342608141552,Single
DE25,gva_sector_a,648.3247450652614,Single
DE26,gva_sector_a,772.1197496063808,Single
DE27,gva_sector_a,1106.271348912448,Single
DE30,gva_sector_a,0.8994678258895874,Single
DE40,gva_sector_a,1449.3364450898553,Single
DE50,gva_sector_a,0.8994678258895874,Single
DE60,gva_sector_a,103.95703459535252,Single
DE71,gva_sector_a,517.0681026777546,Single
DE72,gva_sector_a,239.62714895953422,Single
DE73,gva_sector_a,512.2443321003431,Single
DE80,gva_sector_a,2012.8405046068324,Single
DE91,gva_sector_a,947.0931373330757,Single
DE92,gva_sector_a,1261.3183732687862,Single
DE93,gva_sector_a,2055.0083631949506,Single
DE94,gva_sector_a,3306.9933248680672,Single
DEA1,gva_sector_a,1334.8567990285683,Single
DEA2,gva_sector_a,917.2828023881417,Single
DEA3,gva_sector_a,1474.4349140277657,Single
DEA4,gva_sector_a,784.2342444690387,Single
DEA5,gva_sector_a,628.7951462247354,Single
DEB1,gva_sector_a,503.37954518707505,Single
DEB2,gva_sector_a,316.56796484107355,Single
DEB3,gva_sector_a,1582.8751989188722,Single
DEC0,gva_sector_a,60.34705870750179,Single
DED2,gva_sector_a,719.7057480047583,Single
DED4,gva_sector_a,708.7971346982978,Single
DED5,gva_sector_a,482.0170314528124,Single
DEE0,gva_sector_a,2019.4312395407237,Single
DEF0,gva_sector_a,1970.3258973547495,Single
DEG0,gva_sector_a,1476.795785678813,Single
FIZZ,gva_sector_a,0.0,Single
FR10,gva_sector_a,685.4978119199636,Single
FRB0,gva_sector_a,2924.4967646433192,Single
FRC1,gva_sector_a,2633.0800863796962,Single
FRC2,gva_sector_a,1011.0929704820487,Single
FRD1,gva_sector_a,1632.0529998182237,Single
FRD2,gva_sector_a,1290.3330176011912,Single
FRE1,gva_sector_a,2042.3179690405423,Single
FRE2,gva_sector_a,2330.5070357515165,Single
FRF1,gva_sector_a,1201.4898819386328,Single
FRF2,gva_sector_a,4758.837588832508,Single
FRF3,gva_sector_a,1305.7815508457961,Single
FRG0,gva_sector_a,3307.3999128063238,Single
FRH0,gva_sector_a,4137.911596185797,Single
FRI1,gva_sector_a,3894.9314076355777,Single
FRI2,gva_sector_a,616.0715504352502,Single
FRI3,gva_sector_a,2881.318117484927,Single
FRJ1,gva_sector_a,1848.9867972414363,Single
FRJ2,gva_sector_a,1865.1024542079444,Single
FRK1,gva_sector_a,898.9591929425761,Single
FRK2,gva_sector_a,2354.7785089539548,Single
FRL0,gva_sector_a,1780.3352939654683,Single
FRM0,gva_sector_a,124.08239343117926,Single
FRY1,gva_sector_a,172.4670403365207,Single
FRY2,gva_sector_a,199.9664242749804,Single
FRY3,gva_sector_a,177.64056211551215,Single
FRY4,gva_sector_a,413.0130433249068,Single
FRY5,gva_sector_a,91.30147956642374,Single
FRZZ,gva_sector_a,0.0,Single
IE04,gva_sector_a,850.7067469265587,Single
IE05,gva_sector_a,2811.379799555453,Single
IE06,gva_sector_a,1215.9470691526135,Single
LVZZ,gva_sector_a,0.0,Single
NL11,gva_sector_a,660.6231189430385,Single
NL12,gva_sector_a,962.6592502801878,Single
NL13,gva_sector_a,771.1865948469169,Single
NL21,gva_sector_a,1251.729220364287,Single
NL22,gva_sector_a,2069.7620822811177,Single
NL23,gva_sector_a,682.9374498373516,Single
NL32,gva_sector_a,1586.7906688443472,Single
NL34,gva_sector_a,742.3161243535422,Single
NL41,gva_sector_a,3023.001997658135,Single
NL42,gva_sector_a,1383.4002070585648,Single
NLZZ,gva_sector_a,0.0,Single
NO02,gva_sector_a,0.0,Single
NO06,gva_sector_a,786.3031119852553,Single
NO07,gva_sector_a,1934.0200868230713,Single
NO08,gva_sector_a,0.0,Single
NO09,gva_sector_a,0.0,Single
NO0A,gva_sector_a,2380.481083341281,Single
NO0B,gva_sector_a,0.0,Single
NOZZ,gva_sector_a,0.0,Single
PL21,gva_sector_a,580.5314744505431,Single
PL22,gva_sector_a,571.9564153448064,Single
PL41,gva_sector_a,2412.1115161093862,Single
PL42,gva_sector_a,837.3445000444908,Single
PL43,gva_sector_a,413.5527136070836,Single
PL51,gva_sector_a,645.151258451901,Single
PL52,gva_sector_a,398.5475209753014,Single
PL61,gva_sector_a,1257.7947674644524,Single
PL62,gva_sector_a,1117.2284657504404,Single
PL63,gva_sector_a,840.3061489300353,Single
PL71,gva_sector_a,1444.2947489501148,Single
PL72,gva_sector_a,630.2763155379475,Single
PL81,gva_sector_a,1363.7654269828045,Single
PL82,gva_sector_a,360.9453947313855,Single
PL84,gva_sector_a,1227.0902748989215,Single
PL91,gva_sector_a,653.7418452779114,Single
PL92,gva_sector_a,3117.3170695123804,Single
PLZZ,gva_sector_a,0.0,Single
PTZZ,gva_sector_a,0.0,Single
ROZZ,gva_sector_a,0.0,Single
RS11,gva_sector_a,208.28227904577443,Single
RS12,gva_sector_a,1298.7455067223386,Single
RS21,gva_sector_a,1328.0063127942685,Single
RS22,gva_sector_a,660.6408285566688,Single
RSZZ,gva_sector_a,0.0,Single
SEZZ,gva_sector_a,0.0,Single
AL01,gva_sector_bde,430.6998072551861,Single
AL02,gva_sector_bde,747.9128067501215,Single
AL03,gva_sector_bde,477.9899118987814,Single
BEZZ,gva_sector_bde,17.6323808607267,Single
CH01,gva_sector_bde,23179.675735172983,Single
CH02,gva_sector_bde,33399.84067585091,Single
CH03,gva_sector_bde,30026.737279924775,Single
CH04,gva_sector_bde,19141.240526660884,Single
CH05,gva_sector_bde,27126.849475209503,Single
CH06,gva_sector_bde,16662.230955123257,Single
CH07,gva_sector_bde,6794.732365638184,Single
DE11,gva_sector_bde,75767.41617523093,Single
DE12,gva_sector_bde,34560.040264189156,Single
DE13,gva_sector_bde,30811.714253870177,Single
DE14,gva_sector_bde,32077.239882524253,Single
DE21,gva_sector_bde,65393.92192673701,Single
DE22,gva_sector_bde,19202.65978308193,Single
DE23,gva_sector_bde,17148.53693181903,Single
DE24,gva_sector_bde,13052.54491482969,Single
DE25,gva_sector_bde,22800.336534764232,Single
DE26,gva_sector_bde,14722.930307856434,Single
DE27,gva_sector_bde,26434.711677106738,Single
DE30,gva_sector_bde,15005.777334617836,Single
DE40,gva_sector_bde,16972.639256134313,Single
DE50,gva_sector_bde,8833.637178846167,Single
DE60,gva_sector_bde,21105.633751242785,Single
DE71,gva_sector_bde,32092.224538858813,Single
DE72,gva_sector_bde,10670.159839014315,Single
DE73,gva_sector_bde,13389.386846252055,Single
DE80,gva_sector_bde,8597.20288071235,Single
DE91,gva_sector_bde,27531.0488942543,Single
DE92,gva_sector_bde,18732.752264546947,Single
DE93,gva_sector_bde,12424.633525620637,Single
DE94,gva_sector_bde,27726.01544309345,Single
DEA1,gva_sector_bde,48649.740428913196,Single
DEA2,gva_sector_bde,36307.354329790396,Single
DEA3,gva_sector_bde,22898.763860561572,Single
DEA4,gva_sector_bde,28314.03291467283,Single
DEA5,gva_sector_bde,42964.7918130959,Single
DEB1,gva_sector_bde,14299.636148510623,Single
DEB2,gva_sector_bde,4854.171728847037,Single
DEB3,gva_sector_bde,29058.787221805243,Single
DEC0,gva_sector_bde,11589.48363023219,Single
DED2,gva_sector_bde,14350.523860376747,Single
DED4,gva_sector_bde,12713.130950839155,Single
DED5,gva_sector_bde,7341.103500120107,Single
DEE0,gva_sector_bde,18538.51246648491,Single
DEF0,gva_sector_bde,20765.74146749055,Single
DEG0,gva_sector_bde,19271.858051446216,Single
FIZZ,gva_sector_bde,17.6323808607267,Single
FR10,gva_sector_bde,58562.02274713597,Single
FRB0,gva_sector_bde,13826.629119637913,Single
FRC1,gva_sector_bde,7697.425278392053,Single
FRC2,gva_sector_bde,7094.249171774811,Single
FRD1,gva_sector_bde,7296.840574896402,Single
FRD2,gva_sector_bde,14003.724116191632,Single
FRE1,gva_sector_bde,18952.474011503924,Single
FRE2,gva_sector_bde,9380.286865372118,Single
FRF1,gva_sector_bde,13543.381660893276,Single
FRF2,gva_sector_bde,7608.95829992426,Single
FRF3,gva_sector_bde,10230.014869028226,Single
FRG0,gva_sector_bde,21877.24624869125,Single
FRH0,gva_sector_bde,15412.512391376773,Single
FRI1,gva_sector_bde,14717.051919968955,Single
FRI2,gva_sector_bde,2695.1882222185036,Single
FRI3,gva_sector_bde,9201.588369431742,Single
FRJ1,gva_sector_bde,7781.713282113285,Single
FRJ2,gva_sector_bde,17579.74809188701,Single
FRK1,gva_sector_bde,7255.347229260069,Single
FRK2,gva_sector_bde,44996.391717395774,Single
FRL0,gva_sector_bde,18544.104432081003,Single
FRM0,gva_sector_bde,627.7314063711779,Single
FRY1,gva_sector_bde,1152.1264594142629,Single
FRY2,gva_sector_bde,1066.4210944739505,Single
FRY3,gva_sector_bde,518.1322762179799,Single
FRY4,gva_sector_bde,1525.2525649422996,Single
FRY5,gva_sector_bde,189.99030118891034,Single
FRZZ,gva_sector_bde,17.6323808607267,Single
IE04,gva_sector_bde,12288.649888420485,Single
IE05,gva_sector_bde,105441.52094526034,Single
IE06,gva_sector_bde,48228.55603006053,Single
LVZZ,gva_sector_bde,17.6323808607267,Single
NL11,gva_sector_bde,7008.935038520376,Single
NL12,gva_sector_bde,5231.392499465217,Single
NL13,gva_sector_bde,3328.865737082474,Single
NL21,gva_sector_bde,10467.707527352697,Single
NL22,gva_sector_bde,16395.248637222125,Single
NL23,gva_sector_bde,2691.1541492601687,Single
NL32,gva_sector_bde,15853.100295269956,Single
NL34,gva_sector_bde,4150.354672460618,Single
NL41,gva_sector_bde,31894.37131136151,Single
NL42,gva_sector_bde,9968.12806704688,Single
NLZZ,gva_sector_bde,6667.062423976579,Single
NO02,gva_sector_bde,17.6323808607267,Single
NO06,gva_sector_bde,3518.506939763341,Single
NO07,gva_sector_bde,17.6323808607267,Single
NO08,gva_sector_bde,17.6323808607267,Single
NO09,gva_sector_bde,17.6323808607267,Single
NO0A,gva_sector_bde,21333.001541039666,Single
NO0B,gva_sector_bde,17.6323808607267,Single
NOZZ,gva_sector_bde,61667.01831720884,Single
PL21,gva_sector_bde,11430.700095379245,Single
PL22,gva_sector_bde,25451.94433216741,Single
PL41,gva_sector_bde,18204.603312585197,Single
PL42,gva_sector_bde,5764.715960622645,Single
PL43,gva_sector_bde,5318.755398014572,Single
PL51,gva_sector_bde,17365.867783046167,Single
PL52,gva_sector_bde,4486.866884871421,Single
PL61,gva_sector_bde,8510.545399693587,Single
PL62,gva_sector_bde,4424.348663412066,Single
PL63,gva_sector_bde,10634.886229006508,Single
PL71,gva_sector_bde,12068.046967659402,Single
PL72,gva_sector_bde,4164.962291446713,Single
PL81,gva_sector_bde,5489.647821902419,Single
PL82,gva_sector_bde,8237.485641688047,Single
PL84,gva_sector_bde,3554.8809116039065,Single
PL91,gva_sector_bde,15118.603330521259,Single
PL92,gva_sector_bde,13331.065339212542,Single
PLZZ,gva_sector_bde,17.6323808607267,Single
PTZZ,gva_sector_bde,17.6323808607267,Single
RS11,gva_sector_bde,2359.93419503879,Single
RS12,gva_sector_bde,3999.9075602441935,Single
RS21,gva_sector_bde,2872.3947552008613,Single
RS22,gva_sector_bde,3456.0645888631648,Single
RSZZ,gva_sector_bde,17.6323808607267,Single
SEZZ,gva_sector_bde,17.6323808607267,Single
AL01,gva_sector_c,146.03173459596104,Single
AL02,gva_sector_c,246.85222713335617,Single
AL03,gva_sector_c,107.94665851381906,Single
BEZZ,gva_sector_c,0.00015494110994040966,Single
CH01,gva_sector_c,0.00015494110994040966,Single
CH02,gva_sector_c,0.00015494110994040966,Single
CH03,gva_sector_c,0.00015494110994040966,Single
CH04,gva_sector_c,0.00015494110994040966,Single
CH05,gva_sector_c,0.00015494110994040966,Single
CH06,gva_sector_c,0.00015494110994040966,Single
CH07,gva_sector_c,0.00015494110994040966,Single
DE11,gva_sector_c,64742.998899614904,Single
DE12,gva_sector_c,29629.795076685943,Single
DE13,gva_sector_c,26435.978474549436,Single
DE14,gva_sector_c,28531.751409966026,Single
DE21,gva_sector_c,58244.37236703318,Single
DE22,gva_sector_c,15609.811988994992,Single
DE23,gva_sector_c,15616.680809099407,Single
DE24,gva_sector_c,10983.709697340477,Single
DE25,gva_sector_c,21085.454558419566,Single
DE26,gva_sector_c,14270.097153079874,Single
DE27,gva_sector_c,22195.45361341202,Single
DE30,gva_sector_c,12227.056410948553,Single
DE40,gva_sector_c,12284.312843258365,Single
DE50,gva_sector_c,7241.249890865944,Single
DE60,gva_sector_c,17114.166350232532,Single
DE71,gva_sector_c,27989.013095601083,Single
DE72,gva_sector_c,10046.30996942379,Single
DE73,gva_sector_c,11608.987346780174,Single
DE80,gva_sector_c,6051.221935192676,Single
DE91,gva_sector_c,23806.890475553126,Single
DE92,gva_sector_c,15178.352228486126,Single
DE93,gva_sector_c,9799.7198143926,Single
DE94,gva_sector_c,21793.518834987222,Single
DEA1,gva_sector_c,39726.258759493874,Single
DEA2,gva_sector_c,29347.08125126394,Single
DEA3,gva_sector_c,19042.074085469187,Single
DEA4,gva_sector_c,24865.722908559957,Single
DEA5,gva_sector_c,35554.7497834314,Single
DEB1,gva_sector_c,11886.396031977583,Single
DEB2,gva_sector_c,4150.584443608577,Single
DEB3,gva_sector_c,25231.4066095513,Single
DEC0,gva_sector_c,8207.246411029295,Single
DED2,gva_sector_c,11862.470085683442,Single
DED4,gva_sector_c,10624.346447450891,Single
DED5,gva_sector_c,5342.8655467190165,Single
DEE0,gva_sector_c,14480.985277086338,Single
DEF0,gva_sector_c,15757.454060015498,Single
DEG0,gva_sector_c,15553.52722532853,Single
FIZZ,gva_sector_c,0.00015494110994040966,Single
FR10,gva_sector_c,44832.753050189865,Single
FRB0,gva_sector_c,12359.629577029977,Single
FRC1,gva_sector_c,6711.155176588589,Single
FRC2,gva_sector_c,6824.5619605395605,Single
FRD1,gva_sector_c,5973.152623784117,Single
FRD2,gva_sector_c,12870.970818502617,Single
FRE1,gva_sector_c,15714.806321579432,Single
FRE2,gva_sector_c,8436.05810046322,Single
FRF1,gva_sector_c,11510.176080270296,Single
FRF2,gva_sector_c,6745.348765526482,Single
FRF3,gva_sector_c,8614.709629715486,Single
FRG0,gva_sector_c,18905.378708804827,Single
FRH0,gva_sector_c,14494.56637170068,Single
FRI1,gva_sector_c,11694.190440939154,Single
FRI2,gva_sector_c,2209.754581350422,Single
FRI3,gva_sector_c,7623.274103354338,Single
FRJ1,gva_sector_c,5472.630352092492,Single
FRJ2,gva_sector_c,14484.467693047276,Single
FRK1,gva_sector_c,6177.678001297732,Single
FRK2,gva_sector_c,37897.09680199991,Single
FRL0,gva_sector_c,14924.854130497963,Single
FRM0,gva_sector_c,213.05666207654198,Single
FRY1,gva_sector_c,323.5644197683363,Single
FRY2,gva_sector_c,308.0930076324574,Single
FRY3,gva_sector_c,170.7428373476357,Single
FRY4,gva_sector_c,574.778926081892,Single
FRY5,gva_sector_c,17.83738354641323,Single
FRZZ,gva_sector_c,0.00015494110994040966,Single
IE04,gva_sector_c,12742.29666505826,Single
IE05,gva_sector_c,109172.6006250001,Single
IE06,gva_sector_c,45610.631296146086,Single
ITC1,gva_sector_c,27771.852571433854,Single
ITC2,gva_sector_c,213.41701012489943,Single
ITC3,gva_sector_c,6126.483798733658,Single
ITC4,gva_sector_c,65576.99011830403,Single
ITF1,gva_sector_c,5969.034904794926,Single
ITF2,gva_sector_c,849.8555465473985,Single
ITF3,gva_sector_c,11803.940991357704,Single
ITF4,gva_sector_c,8266.409404358728,Single
ITF5,gva_sector_c,1915.585003575966,Single
ITF6,gva_sector_c,1481.6303981713586,Single
ITG1,gva_sector_c,7747.166706755601,Single
ITG2,gva_sector_c,2348.5726812039884,Single
ITH1,gva_sector_c,3272.0322455506057,Single
ITH2,gva_sector_c,3051.886823021114,Single
ITH3,gva_sector_c,42759.68593289837,Single
ITH4,gva_sector_c,8849.059271761715,Single
ITH5,gva_sector_c,42215.39681260405,Single
ITI1,gva_sector_c,24926.85951763379,Single
ITI2,gva_sector_c,4024.2616973353697,Single
ITI3,gva_sector_c,10505.235538212159,Single
ITI4,gva_sector_c,12945.924445924229,Single
ITZZ,gva_sector_c,0.00015494110994040966,Single
LVZZ,gva_sector_c,0.00015494110994040966,Single
NL11,gva_sector_c,2658.7602868786407,Single
NL12,gva_sector_c,4301.354868031867,Single
NL13,gva_sector_c,2490.54252492582,Single
NL21,gva_sector_c,9183.662199073995,Single
NL22,gva_sector_c,14189.051870466283,Single
NL23,gva_sector_c,1730.5686756893153,Single
NL32,gva_sector_c,12391.294463694683,Single
NL34,gva_sector_c,3002.763732340295,Single
NL41,gva_sector_c,28943.355233057457,Single
NL42,gva_sector_c,7646.285982700399,Single
NLZZ,gva_sector_c,0.00015494110994040966,Single
NO02,gva_sector_c,1647.684368224994,Single
NO06,gva_sector_c,2030.5978926502096,Single
NO07,gva_sector_c,1848.5657958700217,Single
NO08,gva_sector_c,7036.965962203265,Single
NO09,gva_sector_c,4504.6809753845655,Single
NO0A,gva_sector_c,8888.66022591351,Single
NO0B,gva_sector_c,0.00015494110994040966,Single
NOZZ,gva_sector_c,0.00015494110994040966,Single
PL21,gva_sector_c,10037.940653743744,Single
PL22,gva_sector_c,17889.300123520254,Single
PL41,gva_sector_c,14840.209846803893,Single
PL42,gva_sector_c,4556.913926866168,Single
PL43,gva_sector_c,3615.4729488985186,Single
PL51,gva_sector_c,13643.866550396211,Single
PL52,gva_sector_c,3391.498679943111,Single
PL61,gva_sector_c,7309.730447182575,Single
PL62,gva_sector_c,3998.4671676166668,Single
PL63,gva_sector_c,10075.646673658703,Single
PL71,gva_sector_c,8764.49009908065,Single
PL72,gva_sector_c,2858.2465017336826,Single
PL81,gva_sector_c,4037.4358479917487,Single
PL82,gva_sector_c,6455.294969398784,Single
PL84,gva_sector_c,2661.6718921674174,Single
PL91,gva_sector_c,9982.54440423231,Single
PL92,gva_sector_c,12166.84296427682,Single
PLZZ,gva_sector_c,0.00015494110994040966,Single
PT11,gva_sector_c,13366.720878513985,Single
PT15,gva_sector_c,186.16583677212722,Single
PT20,gva_sector_c,140.12900643529548,Single
PT30,gva_sector_c,103.00825835306607,Single
PTZZ,gva_sector_c,0.00015494110994040966,Single
RO11,gva_sector_c,5843.782800766314,Single
RO12,gva_sector_c,7289.126224869595,Single
RO21,gva_sector_c,3862.80668678477,Single
RO22,gva_sector_c,4029.1952040426686,Single
RO31,gva_sector_c,5824.512033508803,Single
RO32,gva_sector_c,5172.405199382377,Single
RO41,gva_sector_c,2893.6948917454115,Single
RO42,gva_sector_c,5095.03862600062,Single
ROZZ,gva_sector_c,0.00015494110994040966,Single
RS11,gva_sector_c,1795.5229327408206,Single
RS12,gva_sector_c,3445.206347377522,Single
RS21,gva_sector_c,2405.7799843080516,Single
RS22,gva_sector_c,1854.0012315349861,Single
RSZZ,gva_sector_c,0.00015494110994040966,Single
SEZZ,gva_sector_c,0.00015494110994040966,Single
AL01,gva_sector_f,249.0088123031203,Single
AL02,gva_sector_f,646.9766819037627,Single
AL03,gva_sector_f,258.5221103716667,Single
BEZZ,gva_sector_f,27.68667632270035,Single
CH01,gva_sector_f,27.68667632270035,Single
CH02,gva_sector_f,27.68667632270035,Single
CH03,gva_sector_f,27.68667632270035,Single
CH04,gva_sector_f,27.68667632270035,Single
CH05,gva_sector_f,27.68667632270035,Single
CH06,gva_sector_f,27.68667632270035,Single
CH07,gva_sector_f,27.68667632270035,Single
DE11,gva_sector_f,9429.317556310087,Single
DE12,gva_sector_f,5369.727942498837,Single
DE13,gva_sector_f,4808.541683335545,Single
DE14,gva_sector_f,4289.776538239672,Single
DE21,gva_sector_f,10295.447348768435,Single
DE22,gva_sector_f,4384.965986519817,Single
DE23,gva_sector_f,3875.914504542493,Single
DE24,gva_sector_f,2534.8087108402647,Single
DE25,gva_sector_f,3947.990081345593,Single
DE26,gva_sector_f,3193.920103732401,Single
DE27,gva_sector_f,5146.596492724946,Single
DE30,gva_sector_f,5779.591536095031,Single
DE40,gva_sector_f,5321.8682634855195,Single
DE50,gva_sector_f,1113.1130527766009,Single
DE60,gva_sector_f,4028.0748597743814,Single
DE71,gva_sector_f,7605.746551623688,Single
DE72,gva_sector_f,1891.6311556591431,Single
DE73,gva_sector_f,2223.223191428753,Single
DE80,gva_sector_f,3228.6760031490635,Single
DE91,gva_sector_f,2471.4183190953636,Single
DE92,gva_sector_f,4140.27451672719,Single
DE93,gva_sector_f,4096.77765921796,Single
DE94,gva_sector_f,7063.43947260146,Single
DEA1,gva_sector_f,8560.068444731769,Single
DEA2,gva_sector_f,7510.564574057353,Single
DEA3,gva_sector_f,5253.989931010974,Single
DEA4,gva_sector_f,4059.56873777926,Single
DEA5,gva_sector_f,5882.086043387972,Single
DEB1,gva_sector_f,3423.0788622074288,Single
DEB2,gva_sector_f,1128.8905335250051,Single
DEB3,gva_sector_f,3506.6266600156473,Single
DEC0,gva_sector_f,1714.9287253158348,Single
DED2,gva_sector_f,3501.692665134807,Single
DED4,gva_sector_f,3199.9843845992623,Single
DED5,gva_sector_f,2562.3425599467682,Single
DEE0,gva_sector_f,4241.600529042779,Single
DEF0,gva_sector_f,5917.464142790184,Single
DEG0,gva_sector_f,4014.4422941326484,Single
FIZZ,gva_sector_f,27.68667632270035,Single
FR10,gva_sector_f,21029.1506570333,Single
FRB0,gva_sector_f,4751.345109368629,Single
FRC1,gva_sector_f,2781.361748950313,Single
FRC2,gva_sector_f,1803.2268663070192,Single
FRD1,gva_sector_f,2789.920379222892,Single
FRD2,gva_sector_f,3453.24999342174,Single
FRE1,gva_sector_f,7369.208678473216,Single
FRE2,gva_sector_f,2779.3046983749277,Single
FRF1,gva_sector_f,4175.066861578162,Single
FRF2,gva_sector_f,2190.416571071297,Single
FRF3,gva_sector_f,3833.994163621126,Single
FRG0,gva_sector_f,8075.2178294977275,Single
FRH0,gva_sector_f,7504.12044031326,Single
FRI1,gva_sector_f,7549.09581849156,Single
FRI2,gva_sector_f,1341.226716883131,Single
FRI3,gva_sector_f,3264.068622411687,Single
FRJ1,gva_sector_f,5119.5813846836445,Single
FRJ2,gva_sector_f,5925.455606825788,Single
FRK1,gva_sector_f,2604.1962743940812,Single
FRK2,gva_sector_f,12962.353092346986,Single
FRL0,gva_sector_f,10122.093411575248,Single
FRM0,gva_sector_f,1028.3383645439708,Single
FRY1,gva_sector_f,517.7639855987608,Single
FRY2,gva_sector_f,442.4723999381821,Single
FRY3,gva_sector_f,440.61649939782535,Single
FRY4,gva_sector_f,1457.69479665161,Single
FRY5,gva_sector_f,141.80302116395816,Single
FRZZ,gva_sector_f,27.68667632270035,Single
IE04,gva_sector_f,2286.6048352591047,Single
IE05,gva_sector_f,3687.401998996473,Single
IE06,gva_sector_f,7661.2588342046565,Single
LVZZ,gva_sector_f,27.68667632270035,Single
NL11,gva_sector_f,1239.5595593400742,Single
NL12,gva_sector_f,1460.5473942737422,Single
NL13,gva_sector_f,1010.9255956718516,Single
NL21,gva_sector_f,3925.8632586288277,Single
NL22,gva_sector_f,5285.753426999557,Single
NL23,gva_sector_f,860.4095873496649,Single
NL32,gva_sector_f,5770.285410419836,Single
NL34,gva_sector_f,987.3397262263032,Single
NL41,gva_sector_f,7464.489708810028,Single
NL42,gva_sector_f,2040.7178389427045,Single
NLZZ,gva_sector_f,27.68667632270035,Single
NO02,gva_sector_f,1387.4978480527998,Single
NO06,gva_sector_f,1672.0190887041956,Single
NO07,gva_sector_f,1608.3427191580054,Single
NO08,gva_sector_f,7327.660206256201,Single
NO09,gva_sector_f,2602.744315755929,Single
NO0A,gva_sector_f,5179.560818711847,Single
NO0B,gva_sector_f,42.16159186603619,Single
NOZZ,gva_sector_f,27.68667632270035,Single
PL21,gva_sector_f,4055.3187402306276,Single
PL22,gva_sector_f,5090.804880983838,Single
PL41,gva_sector_f,4275.024782033299,Single
PL42,gva_sector_f,1830.442026307905,Single
PL43,gva_sector_f,891.909805495183,Single
PL51,gva_sector_f,3304.8734602269988,Single
PL52,gva_sector_f,1023.0406089994077,Single
PL61,gva_sector_f,1922.6260829609878,Single
PL62,gva_sector_f,1069.4941793755527,Single
PL63,gva_sector_f,2782.813042446619,Single
PL71,gva_sector_f,2156.6061116168057,Single
PL72,gva_sector_f,1228.64634004561,Single
PL81,gva_sector_f,1534.0383439950892,Single
PL82,gva_sector_f,1713.0265888356994,Single
PL84,gva_sector_f,1037.519739910573,Single
PL91,gva_sector_f,6568.212504015475,Single
PL92,gva_sector_f,2219.041413900561,Single
PLZZ,gva_sector_f,27.68667632270035,Single
PTZZ,gva_sector_f,27.68667632270035,Single
ROZZ,gva_sector_f,27.68667632270035,Single
RS11,gva_sector_f,1669.9340887581568,Single
RS12,gva_sector_f,587.926248973594,Single
RS21,gva_sector_f,556.7512562702493,Single
RS22,gva_sector_f,366.2011654371869,Single
RSZZ,gva_sector_f,27.68667632270035,Single
SEZZ,gva_sector_f,27.68667632270035,Single
AL01,gva_sector_ghi,662.6037837731153,Multi
AL02,gva_sector_ghi,1291.873380427271,Multi
AL03,gva_sector_ghi,673.1197013527893,Multi
BEZZ,gva_sector_ghi,0.01629512384533882,Multi
CH01,gva_sector_ghi,5929.36279296875,Multi
CH02,gva_sector_ghi,5811.94384765625,Multi
CH03,gva_sector_ghi,2124.395263671875,Multi
CH04,gva_sector_ghi,5350.27685546875,Multi
CH05,gva_sector_ghi,1374.60205078125,Multi
CH06,gva_sector_ghi,1269.30810546875,Multi
CH07,gva_sector_ghi,564.54833984375,Multi
DE11,gva_sector_ghi,53351.58960260171,Multi
DE12,gva_sector_ghi,29837.500989682347,Multi
DE13,gva_sector_ghi,16766.542958890466,Multi
DE14,gva_sector_ghi,12374.510061311603,Multi
DE21,gva_sector_ghi,66376.99799730636,Multi
DE22,gva_sector_ghi,7450.185626482435,Multi
DE23,gva_sector_ghi,7019.36387834223,Multi
DE24,gva_sector_ghi,5961.835676064418,Multi
DE25,gva_sector_ghi,13717.57413018548,Multi
DE26,gva_sector_ghi,10543.78744933995,Multi
DE27,gva_sector_ghi,13871.47246967816,Multi
DE30,gva_sector_ghi,26170.61204011742,Multi
DE40,gva_sector_ghi,14945.421536572077,Multi
DE50,gva_sector_ghi,8268.636914081766,Multi
DE60,gva_sector_ghi,31318.38983865091,Multi
DE71,gva_sector_ghi,58738.34176248857,Multi
DE72,gva_sector_ghi,6348.293099289804,Multi
DE73,gva_sector_ghi,9287.03216285563,Multi
DE80,gva_sector_ghi,10350.63777336486,Multi
DE91,gva_sector_ghi,10082.518526649113,Multi
DE92,gva_sector_ghi,15706.646967663111,Multi
DE93,gva_sector_ghi,10651.465321909736,Multi
DE94,gva_sector_ghi,21095.31601488974,Multi
DEA1,gva_sector_ghi,58552.85123044662,Multi
DEA2,gva_sector_ghi,38978.190110055104,Multi
DEA3,gva_sector_ghi,16788.536313460892,Multi
DEA4,gva_sector_ghi,15820.82949803965,Multi
DEA5,gva_sector_ghi,29588.02791961653,Multi
DEB1,gva_sector_ghi,9223.66528923091,Multi
DEB2,gva_sector_ghi,2949.2129014209822,Multi
DEB3,gva_sector_ghi,13620.470060194144,Multi
DEC0,gva_sector_ghi,6013.166478955584,Multi
DED2,gva_sector_ghi,8080.818615851884,Multi
DED4,gva_sector_ghi,7075.894566730085,Multi
DED5,gva_sector_ghi,7091.860445005837,Multi
DEE0,gva_sector_ghi,11313.595453334663,Multi
DEF0,gva_sector_ghi,21585.748963572965,Multi
DEG0,gva_sector_ghi,9175.850701301388,Multi
FIZZ,gva_sector_ghi,0.7341963576201866,Multi
FR10,gva_sector_ghi,115477.48562141167,Multi
FRB0,gva_sector_ghi,12931.67570952334,Multi
FRC1,gva_sector_ghi,8706.555309964147,Multi
FRC2,gva_sector_ghi,4392.527272976982,Multi
FRD1,gva_sector_ghi,7648.700903109851,Multi
FRD2,gva_sector_ghi,10858.848991485327,Multi
FRE1,gva_sector_ghi,24473.509772795445,Multi
FRE2,gva_sector_ghi,9843.762649397742,Multi
FRF1,gva_sector_ghi,11165.516014150264,Multi
FRF2,gva_sector_ghi,7614.192259268959,Multi
FRF3,gva_sector_ghi,8672.646223362999,Multi
FRG0,gva_sector_ghi,23592.046891818427,Multi
FRH0,gva_sector_ghi,17603.38258391469,Multi
FRI1,gva_sector_ghi,20718.21778127923,Multi
FRI2,gva_sector_ghi,3212.12597580286,Multi
FRI3,gva_sector_ghi,8709.343408325927,Multi
FRJ1,gva_sector_ghi,15853.86610979333,Multi
FRJ2,gva_sector_ghi,16592.232083393523,Multi
FRK1,gva_sector_ghi,5693.831159628944,Multi
FRK2,gva_sector_ghi,54876.58786127399,Multi
FRL0,gva_sector_ghi,38623.0296956161,Multi
FRM0,gva_sector_ghi,2516.816621869398,Multi
FRY1,gva_sector_ghi,2174.1615414389653,Multi
FRY2,gva_sector_ghi,1796.545366848849,Multi
FRY3,gva_sector_ghi,964.316369283916,Multi
FRY4,gva_sector_ghi,3524.7926584168113,Multi
FRY5,gva_sector_ghi,763.7094056869599,Multi
FRZZ,gva_sector_ghi,0.19972114264965057,Multi
IE04,gva_sector_ghi,4210.719085506573,Multi
IE05,gva_sector_ghi,11095.115619403115,Multi
IE06,gva_sector_ghi,40624.31970309699,Multi
ITC1,gva_sector_ghi,29306.242182771843,Multi
ITC2,gva_sector_ghi,1748.589395439861,Multi
ITC3,gva_sector_ghi,12175.340747247108,Multi
ITC4,gva_sector_ghi,78564.74624704111,Multi
ITF1,gva_sector_ghi,6102.578528965902,Multi
ITF2,gva_sector_ghi,1597.7875982525861,Multi
ITF3,gva_sector_ghi,27573.88716706615,Multi
ITF4,gva_sector_ghi,17419.12316907646,Multi
ITF5,gva_sector_ghi,2430.6680349709804,Multi
ITF6,gva_sector_ghi,8581.13193217769,Multi
ITG1,gva_sector_ghi,20651.212104407412,Multi
ITG2,gva_sector_ghi,8283.48320339229,Multi
ITH1,gva_sector_ghi,7166.990427852779,Multi
ITH2,gva_sector_ghi,4795.1624927409985,Multi
ITH3,gva_sector_ghi,36948.82521337299,Multi
ITH4,gva_sector_ghi,6961.126101038435,Multi
ITH5,gva_sector_ghi,32468.892335583354,Multi
ITI1,gva_sector_ghi,30722.01288101668,Multi
ITI2,gva_sector_ghi,4881.011530298803,Multi
ITI3,gva_sector_ghi,8331.563786898103,Multi
ITI4,gva_sector_ghi,51620.9922440548,Multi
ITZZ,gva_sector_ghi,53.620365142822266,Multi
LVZZ,gva_sector_ghi,2.5809971341365756,Multi
NL11,gva_sector_ghi,4961.295406902253,Multi
NL12,gva_sector_ghi,4808.674870647705,Multi
NL13,gva_sector_ghi,3292.678869041205,Multi
NL21,gva_sector_ghi,10726.49455980575,Multi
NL22,gva_sector_ghi,19769.360346916088,Multi
NL23,gva_sector_ghi,4390.26337858907,Multi
NL32,gva_sector_ghi,41660.45647071802,Multi
NL34,gva_sector_ghi,6509.587231833056,Multi
NL41,gva_sector_ghi,29637.300384446164,Multi
NL42,gva_sector_ghi,11394.992067264275,Multi
NLZZ,gva_sector_ghi,221.06736880184076,Multi
NO02,gva_sector_ghi,2069.6029638906994,Multi
NO06,gva_sector_ghi,3326.6732822348904,Multi
NO07,gva_sector_ghi,1981.3164926790828,Multi
NO08,gva_sector_ghi,22813.683593589776,Multi
NO09,gva_sector_ghi,2950.8311278554897,Multi
NO0A,gva_sector_ghi,11458.76577678899,Multi
NO0B,gva_sector_ghi,14.009218763995927,Multi
NOZZ,gva_sector_ghi,970.2734375,Multi
PL21,gva_sector_ghi,11688.744257377733,Multi
PL22,gva_sector_ghi,17114.309479813364,Multi
PL41,gva_sector_ghi,15564.773975792257,Multi
PL42,gva_sector_ghi,5721.843053281244,Multi
PL43,gva_sector_ghi,3093.6540908667826,Multi
PL51,gva_sector_ghi,10308.990078087594,Multi
PL52,gva_sector_ghi,2666.8679083864154,Multi
PL61,gva_sector_ghi,7125.076009658313,Multi
PL62,gva_sector_ghi,3489.572769290815,Multi
PL63,gva_sector_ghi,8786.278820191252,Multi
PL71,gva_sector_ghi,9144.384053709604,Multi
PL72,gva_sector_ghi,3467.928159023445,Multi
PL81,gva_sector_ghi,5759.74261089891,Multi
PL82,gva_sector_ghi,5720.837464193857,Multi
PL84,gva_sector_ghi,3661.9896052557287,Multi
PL91,gva_sector_ghi,25626.72610743131,Multi
PL92,gva_sector_ghi,7175.089642352024,Multi
PLZZ,gva_sector_ghi,0.05200137074007216,Multi
PTZZ,gva_sector_ghi,6.63165553084615,Multi
ROZZ,gva_sector_ghi,7.088332833214491,Multi
RS11,gva_sector_ghi,4790.648169416949,Multi
RS12,gva_sector_ghi,2756.14596505629,Multi
RS21,gva_sector_ghi,1733.206429918238,Multi
RS22,gva_sector_ghi,1110.7367279767288,Multi
RSZZ,gva_sector_ghi,0.9168589259012689,Multi
SEZZ,gva_sector_ghi,0.3852383866390987,Multi
AL01,gva_sector_ghij,833.675328764044,Multi
AL02,gva_sector_ghij,1609.3834540735966,Multi
AL03,gva_sector_ghij,874.6979165710839,Multi
BEZZ,gva_sector_ghij,40.325476581448314,Multi
CH01,gva_sector_ghij,5809.3008957185375,Multi
CH02,gva_sector_ghij,4799.774790139434,Multi
CH03,gva_sector_ghij,2534.18994140625,Multi
CH04,gva_sector_ghij,5804.410049849992,Multi
CH05,gva_sector_ghij,2640.19677734375,Multi
CH06,gva_sector_ghij,1857.2998046875,Multi
CH07,gva_sector_ghij,1041.6425226829922,Multi
DE11,gva_sector_ghij,46190.19578268606,Multi
DE12,gva_sector_ghij,34092.7689349532,Multi
DE13,gva_sector_ghij,19816.82013830392,Multi
DE14,gva_sector_ghij,14306.567040068836,Multi
DE21,gva_sector_ghij,69228.83484685209,Multi
DE22,gva_sector_ghij,8695.0451371388,Multi
DE23,gva_sector_ghij,8703.861804228676,Multi
DE24,gva_sector_ghij,7105.700255612526,Multi
DE25,gva_sector_ghij,20483.42574634905,Multi
DE26,gva_sector_ghij,12095.561203373058,Multi
DE27,gva_sector_ghij,15280.710229622404,Multi
DE30,gva_sector_ghij,42510.110561924084,Multi
DE40,gva_sector_ghij,17727.770285489634,Multi
DE50,gva_sector_ghij,9595.312739996996,Multi
DE60,gva_sector_ghij,40981.97317720308,Multi
DE71,gva_sector_ghij,55649.90241549807,Multi
DE72,gva_sector_ghij,7026.447422897728,Multi
DE73,gva_sector_ghij,10360.794751067187,Multi
DE80,gva_sector_ghij,11925.405438983897,Multi
DE91,gva_sector_ghij,9608.274776587656,Multi
DE92,gva_sector_ghij,20925.622180952476,Multi
DE93,gva_sector_ghij,13031.150397193007,Multi
DE94,gva_sector_ghij,22187.711959191583,Multi
DEA1,gva_sector_ghij,54052.85491692971,Multi
DEA2,gva_sector_ghij,52909.36784442065,Multi
DEA3,gva_sector_ghij,19506.609435912753,Multi
DEA4,gva_sector_ghij,19402.223079767224,Multi
DEA5,gva_sector_ghij,27529.186390128933,Multi
DEB1,gva_sector_ghij,11302.867421041205,Multi
DEB2,gva_sector_ghij,3686.577624432152,Multi
DEB3,gva_sector_ghij,17943.554481968637,Multi
DEC0,gva_sector_ghij,7922.428319690874,Multi
DED2,gva_sector_ghij,10532.084800970235,Multi
DED4,gva_sector_ghij,8085.911721722071,Multi
DED5,gva_sector_ghij,9945.213388935876,Multi
DEE0,gva_sector_ghij,13756.247244428207,Multi
DEF0,gva_sector_ghij,25679.647079289454,Multi
DEG0,gva_sector_ghij,11111.82065058166,Multi
FIZZ,gva_sector_ghij,15.15112275482464,Multi
FR10,gva_sector_ghij,143909.52513457637,Multi
FRB0,gva_sector_ghij,14103.082111633661,Multi
FRC1,gva_sector_ghij,9354.689802767578,Multi
FRC2,gva_sector_ghij,4711.016427167946,Multi
FRD1,gva_sector_ghij,8763.809588098291,Multi
FRD2,gva_sector_ghij,13415.921060497014,Multi
FRE1,gva_sector_ghij,25509.939829283845,Multi
FRE2,gva_sector_ghij,10917.913816940949,Multi
FRF1,gva_sector_ghij,12500.854732308228,Multi
FRF2,gva_sector_ghij,8505.664033085613,Multi
FRF3,gva_sector_ghij,9757.205880559233,Multi
FRG0,gva_sector_ghij,24670.601774517025,Multi
FRH0,gva_sector_ghij,19471.36804746801,Multi
FRI1,gva_sector_ghij,23111.005438475615,Multi
FRI2,gva_sector_ghij,3888.1375350585067,Multi
FRI3,gva_sector_ghij,9716.277367122553,Multi
FRJ1,gva_sector_ghij,18145.73821341982,Multi
FRJ2,gva_sector_ghij,21014.65832882334,Multi
FRK1,gva_sector_ghij,6156.994383381299,Multi
FRK2,gva_sector_ghij,48411.50407229636,Multi
FRL0,gva_sector_ghij,48201.8221795726,Multi
FRM0,gva_sector_ghij,2662.379708221913,Multi
FRY1,gva_sector_ghij,2649.3938538220104,Multi
FRY2,gva_sector_ghij,1825.5398356698179,Multi
FRY3,gva_sector_ghij,1069.7927746097291,Multi
FRY4,gva_sector_ghij,4492.8318781127855,Multi
FRY5,gva_sector_ghij,468.8303664209419,Multi
FRZZ,gva_sector_ghij,0.0,Multi
IE04,gva_sector_ghij,7346.113476284128,Multi
IE05,gva_sector_ghij,28079.280643170863,Multi
IE06,gva_sector_ghij,96850.9376097164,Multi
LVZZ,gva_sector_ghij,4.9201877494317365,Multi
NL11,gva_sector_ghij,8336.660778529502,Multi
NL12,gva_sector_ghij,5073.0678618438105,Multi
NL13,gva_sector_ghij,3902.9536952131316,Multi
NL21,gva_sector_ghij,12595.544097201851,Multi
NL22,gva_sector_ghij,20076.98096736694,Multi
NL23,gva_sector_ghij,4941.953370859483,Multi
NL32,gva_sector_ghij,52852.63093416742,Multi
NL34,gva_sector_ghij,8031.693282636799,Multi
NL41,gva_sector_ghij,32743.994981240612,Multi
NL42,gva_sector_ghij,12159.19124381947,Multi
NLZZ,gva_sector_ghij,1308.965558468972,Multi
NO02,gva_sector_ghij,3698.5987287776015,Multi
NO06,gva_sector_ghij,4616.81087915878,Multi
NO07,gva_sector_ghij,4692.945508719807,Multi
NO08,gva_sector_ghij,31818.725854165557,Multi
NO09,gva_sector_ghij,6868.982534281978,Multi
NO0A,gva_sector_ghij,16978.569399415122,Multi
NO0B,gva_sector_ghij,20.14281450682735,Multi
NOZZ,gva_sector_ghij,11890.953233296317,Multi
PL21,gva_sector_ghij,15449.122436098567,Multi
PL22,gva_sector_ghij,19624.59228499722,Multi
PL41,gva_sector_ghij,19421.702049271902,Multi
PL42,gva_sector_ghij,6182.225250580758,Multi
PL43,gva_sector_ghij,3494.897690987092,Multi
PL51,gva_sector_ghij,13855.449950829145,Multi
PL52,gva_sector_ghij,3227.623236369819,Multi
PL61,gva_sector_ghij,7746.897074029993,Multi
PL62,gva_sector_ghij,4060.004265787061,Multi
PL63,gva_sector_ghij,10866.624193518808,Multi
PL71,gva_sector_ghij,10371.010562118809,Multi
PL72,gva_sector_ghij,3901.051537599582,Multi
PL81,gva_sector_ghij,6451.312740273205,Multi
PL82,gva_sector_ghij,6385.632107805866,Multi
PL84,gva_sector_ghij,4082.7183245003644,Multi
PL91,gva_sector_ghij,37389.391549816144,Multi
PL92,gva_sector_ghij,8630.255547641387,Multi
PLZZ,gva_sector_ghij,0.0,Multi
PTZZ,gva_sector_ghij,0.0,Multi
ROZZ,gva_sector_ghij,17.635329023971405,Multi
RS11,gva_sector_ghij,9105.191188049579,Multi
RS12,gva_sector_ghij,3278.051322454909,Multi
RS21,gva_sector_ghij,1903.884930045757,Multi
RS22,gva_sector_ghij,1592.15895861294,Multi
RSZZ,gva_sector_ghij,1.381364099004387,Multi
SEZZ,gva_sector_ghij,3.2779120361296474,Multi
AL01,gva_sector_j,41.34862770708722,Single
AL02,gva_sector_j,294.81240652944825,Single
AL03,gva_sector_j,52.88577961350118,Single
BEZZ,gva_sector_j,0.0,Single
CH01,gva_sector_j,22889.318153406603,Single
CH02,gva_sector_j,21355.72709968844,Single
CH03,gva_sector_j,17633.1501355421,Single
CH04,gva_sector_j,24659.14990455383,Single
CH05,gva_sector_j,16385.84190485105,Single
CH06,gva_sector_j,15594.31632891307,Single
CH07,gva_sector_j,8233.836834063159,Single
DE11,gva_sector_j,11316.435351236447,Single
DE12,gva_sector_j,12924.871886521407,Single
DE13,gva_sector_j,2071.526283394675,Single
DE14,gva_sector_j,2412.423792444055,Single
DE21,gva_sector_j,21605.680115797997,Single
DE22,gva_sector_j,930.7015697232528,Single
DE23,gva_sector_j,1080.3155914164126,Single
DE24,gva_sector_j,904.9108822753105,Single
DE25,gva_sector_j,4930.828138616824,Single
DE26,gva_sector_j,1542.7931909849956,Single
DE27,gva_sector_j,1915.0412377422508,Single
DE30,gva_sector_j,16151.52977138655,Single
DE40,gva_sector_j,2054.9283757537723,Single
DE50,gva_sector_j,1553.9749692054377,Single
DE60,gva_sector_j,10447.179859048896,Single
DE71,gva_sector_j,15301.667519147613,Single
DE72,gva_sector_j,849.2969108440138,Single
DE73,gva_sector_j,1013.9874623951607,Single
DE80,gva_sector_j,863.6978921009276,Single
DE91,gva_sector_j,1675.000462886299,Single
DE92,gva_sector_j,4147.173080257058,Single
DE93,gva_sector_j,728.4896564721284,Single
DE94,gva_sector_j,1930.389300521997,Single
DEA1,gva_sector_j,12561.33136966451,Single
DEA2,gva_sector_j,16953.28711745236,Single
DEA3,gva_sector_j,2492.3825169948805,Single
DEA4,gva_sector_j,2758.0899046867735,Single
DEA5,gva_sector_j,4185.198483976266,Single
DEB1,gva_sector_j,1513.260099413736,Single
DEB2,gva_sector_j,258.93246129979923,Single
DEB3,gva_sector_j,3301.2882110576043,Single
DEC0,gva_sector_j,1533.0750819408024,Single
DED2,gva_sector_j,2310.3255148627472,Single
DED4,gva_sector_j,1129.3686942275526,Single
DED5,gva_sector_j,2361.412605317371,Single
DEE0,gva_sector_j,1372.5788734515618,Single
DEF0,gva_sector_j,2829.839422884962,Single
DEG0,gva_sector_j,1605.5828206832275,Single
FIZZ,gva_sector_j,0.0,Single
FR10,gva_sector_j,48316.62178858084,Single
FRB0,gva_sector_j,1925.5060417090244,Single
FRC1,gva_sector_j,716.362053077618,Single
FRC2,gva_sector_j,389.27189700097756,Single
FRD1,gva_sector_j,513.8815595784242,Single
FRD2,gva_sector_j,2353.6409864891357,Single
FRE1,gva_sector_j,4391.867903878016,Single
FRE2,gva_sector_j,615.7115456787535,Single
FRF1,gva_sector_j,2224.6441320031317,Single
FRF2,gva_sector_j,1121.5835193468179,Single
FRF3,gva_sector_j,1032.3540798963054,Single
FRG0,gva_sector_j,5358.383927018325,Single
FRH0,gva_sector_j,4581.2010559321225,Single
FRI1,gva_sector_j,4010.561812462401,Single
FRI2,gva_sector_j,283.3109134152887,Single
FRI3,gva_sector_j,945.7158008400575,Single
FRJ1,gva_sector_j,2437.6387305577546,Single
FRJ2,gva_sector_j,5674.198863565085,Single
FRK1,gva_sector_j,783.7114275051306,Single
FRK2,gva_sector_j,10499.02711194869,Single
FRL0,gva_sector_j,8553.089013864967,Single
FRM0,gva_sector_j,144.00754511484024,Single
FRY1,gva_sector_j,486.2585853597898,Single
FRY2,gva_sector_j,490.9452827006189,Single
FRY3,gva_sector_j,210.64629083118706,Single
FRY4,gva_sector_j,660.7882146221476,Single
FRY5,gva_sector_j,52.84753865459304,Single
FRZZ,gva_sector_j,0.0,Single
IE04,gva_sector_j,1845.5244966617615,Single
IE05,gva_sector_j,4072.733197984911,Single
IE06,gva_sector_j,53671.39687309691,Single
ITC1,gva_sector_j,6055.083071726042,Single
ITC2,gva_sector_j,124.84411721126285,Single
ITC3,gva_sector_j,969.2986009437881,Single
ITC4,gva_sector_j,19858.171863098258,Single
ITF1,gva_sector_j,490.8033342437227,Single
ITF2,gva_sector_j,124.94998626051066,Single
ITF3,gva_sector_j,3157.660643847623,Single
ITF4,gva_sector_j,1804.9217971577057,Single
ITF5,gva_sector_j,190.90544442199206,Single
ITF6,gva_sector_j,514.5512959857128,Single
ITG1,gva_sector_j,1470.7870938805686,Single
ITG2,gva_sector_j,668.7807962410724,Single
ITH1,gva_sector_j,482.5258244281121,Single
ITH2,gva_sector_j,620.3642067465456,Single
ITH3,gva_sector_j,4655.205664770818,Single
ITH4,gva_sector_j,857.0973751611516,Single
ITH5,gva_sector_j,4857.5139816572155,Single
ITI1,gva_sector_j,2635.2710179908286,Single
ITI2,gva_sector_j,430.05013027661323,Single
ITI3,gva_sector_j,821.2180346953602,Single
ITI4,gva_sector_j,15522.855658582364,Single
ITZZ,gva_sector_j,0.0,Single
LVZZ,gva_sector_j,0.0,Single
NL11,gva_sector_j,1403.365324999747,Single
NL12,gva_sector_j,503.50814195108853,Single
NL13,gva_sector_j,325.3936348128688,Single
NL21,gva_sector_j,1864.380312738065,Single
NL22,gva_sector_j,2494.944405818604,Single
NL23,gva_sector_j,498.919429722227,Single
NL32,gva_sector_j,17368.794221362783,Single
NL34,gva_sector_j,222.68122590865096,Single
NL41,gva_sector_j,4440.317663877113,Single
NL42,gva_sector_j,1109.9584181146806,Single
NLZZ,gva_sector_j,0.0,Single
NO02,gva_sector_j,0.0,Single
NO06,gva_sector_j,994.0261918766416,Single
NO07,gva_sector_j,477.51373453292865,Single
NO08,gva_sector_j,10390.034939556215,Single
NO09,gva_sector_j,981.3871142950555,Single
NO0A,gva_sector_j,2430.615784017747,Single
NO0B,gva_sector_j,0.0,Single
NOZZ,gva_sector_j,0.0,Single
PL21,gva_sector_j,3610.152071122237,Single
PL22,gva_sector_j,2421.408896238785,Single
PL41,gva_sector_j,2607.904277893989,Single
PL42,gva_sector_j,642.2127243437515,Single
PL43,gva_sector_j,245.84895697973067,Single
PL51,gva_sector_j,2444.7881245847293,Single
PL52,gva_sector_j,194.78259599723765,Single
PL61,gva_sector_j,623.5448498601099,Single
PL62,gva_sector_j,307.81931876784586,Single
PL63,gva_sector_j,2107.9678031548833,Single
PL71,gva_sector_j,1008.5416618059687,Single
PL72,gva_sector_j,242.3635426487405,Single
PL81,gva_sector_j,607.9198107544257,Single
PL82,gva_sector_j,609.5171981381193,Single
PL84,gva_sector_j,266.205546548169,Single
PL91,gva_sector_j,11063.981395267867,Single
PL92,gva_sector_j,577.1481248048048,Single
PLZZ,gva_sector_j,0.0,Single
PTZZ,gva_sector_j,0.0,Single
ROZZ,gva_sector_j,0.0,Single
RS11,gva_sector_j,3747.218485056283,Single
RS12,gva_sector_j,636.9375201724571,Single
RS21,gva_sector_j,149.56398954131714,Single
RS22,gva_sector_j,207.48934085147988,Single
RSZZ,gva_sector_j,0.0,Single
SEZZ,gva_sector_j,0.0,Single
AL01,gva_sector_k,36.7071467939091,Single
AL02,gva_sector_k,194.09168194023613,Single
AL03,gva_sector_k,85.62400440807481,Single
BEZZ,gva_sector_k,0.0,Single
CH01,gva_sector_k,9491.237953887898,Single
CH02,gva_sector_k,6165.467234176966,Single
CH03,gva_sector_k,5677.092172320473,Single
CH04,gva_sector_k,23240.339156317623,Single
CH05,gva_sector_k,5024.572278123441,Single
CH06,gva_sector_k,4469.853071915388,Single
CH07,gva_sector_k,2531.3854677343315,Single
DE11,gva_sector_k,8663.22149656991,Single
DE12,gva_sector_k,5089.026420889841,Single
DE13,gva_sector_k,3043.317156606067,Single
DE14,gva_sector_k,2986.5004160671883,Single
DE21,gva_sector_k,17461.559633051922,Single
DE22,gva_sector_k,1784.516357400185,Single
DE23,gva_sector_k,1604.2534751912503,Single
DE24,gva_sector_k,3177.6994229754496,Single
DE25,gva_sector_k,4723.788919683578,Single
DE26,gva_sector_k,1923.8856431190989,Single
DE27,gva_sector_k,3034.7575334979247,Single
DE30,gva_sector_k,5470.244338757395,Single
DE40,gva_sector_k,1717.4559565587097,Single
DE50,gva_sector_k,859.1377179852651,Single
DE60,gva_sector_k,7513.204206979692,Single
DE71,gva_sector_k,20959.00345248353,Single
DE72,gva_sector_k,1647.1000450256947,Single
DE73,gva_sector_k,1958.9132994016627,Single
DE80,gva_sector_k,923.9477237548849,Single
DE91,gva_sector_k,1925.6181813190387,Single
DE92,gva_sector_k,5646.474929979954,Single
DE93,gva_sector_k,1784.1569637058772,Single
DE94,gva_sector_k,3642.0174544286315,Single
DEA1,gva_sector_k,9711.636430953098,Single
DEA2,gva_sector_k,8414.700533377292,Single
DEA3,gva_sector_k,4666.851964772292,Single
DEA4,gva_sector_k,2903.75315961507,Single
DEA5,gva_sector_k,5027.000178900502,Single
DEB1,gva_sector_k,2375.0359224446706,Single
DEB2,gva_sector_k,588.2858761513928,Single
DEB3,gva_sector_k,3048.0599185709843,Single
DEC0,gva_sector_k,1588.5909100065285,Single
DED2,gva_sector_k,1283.607038396522,Single
DED4,gva_sector_k,919.8605683575129,Single
DED5,gva_sector_k,1034.212287243929,Single
DEE0,gva_sector_k,1492.3878041055818,Single
DEF0,gva_sector_k,4145.716333254617,Single
DEG0,gva_sector_k,1462.4309972492392,Single
FIZZ,gva_sector_k,0.0,Single
FR10,gva_sector_k,34131.52477225367,Single
FRB0,gva_sector_k,2932.461550684347,Single
FRC1,gva_sector_k,1237.828554111511,Single
FRC2,gva_sector_k,738.1718471887319,Single
FRD1,gva_sector_k,928.3080365859468,Single
FRD2,gva_sector_k,1693.5459191499185,Single
FRE1,gva_sector_k,4534.016439732561,Single
FRE2,gva_sector_k,907.9860669931804,Single
FRF1,gva_sector_k,2094.9490831866506,Single
FRF2,gva_sector_k,900.8472510810707,Single
FRF3,gva_sector_k,1583.7524190360023,Single
FRG0,gva_sector_k,4849.497529239514,Single
FRH0,gva_sector_k,3294.8564446222804,Single
FRI1,gva_sector_k,3819.2630719912518,Single
FRI2,gva_sector_k,457.2189945376953,Single
FRI3,gva_sector_k,2778.6764946289472,Single
FRJ1,gva_sector_k,1805.3870715885182,Single
FRJ2,gva_sector_k,2960.6585796999248,Single
FRK1,gva_sector_k,902.7030334819175,Single
FRK2,gva_sector_k,6389.208141118321,Single
FRL0,gva_sector_k,4818.30112367941,Single
FRM0,gva_sector_k,233.5602084138598,Single
FRY1,gva_sector_k,526.9022148635554,Single
FRY2,gva_sector_k,389.6475593957838,Single
FRY3,gva_sector_k,141.58468437299456,Single
FRY4,gva_sector_k,948.5441284173103,Single
FRY5,gva_sector_k,93.011365925704,Single
FRZZ,gva_sector_k,0.0,Single
IE04,gva_sector_k,1262.9844480939023,Single
IE05,gva_sector_k,3553.022757509432,Single
IE06,gva_sector_k,16749.624308688788,Single
ITC1,gva_sector_k,8817.415727534284,Single
ITC2,gva_sector_k,241.57207731476765,Single
ITC3,gva_sector_k,2798.8615408673268,Single
ITC4,gva_sector_k,28408.254729854958,Single
ITF1,gva_sector_k,1387.1643293706838,Single
ITF2,gva_sector_k,265.76262589125207,Single
ITF3,gva_sector_k,5051.053536337399,Single
ITF4,gva_sector_k,3949.9081497494144,Single
ITF5,gva_sector_k,395.7283026553233,Single
ITF6,gva_sector_k,1298.0829043291237,Single
ITG1,gva_sector_k,4148.01993094092,Single
ITG2,gva_sector_k,1474.2109480131157,Single
ITH1,gva_sector_k,1910.268987815446,Single
ITH2,gva_sector_k,1485.9161075018428,Single
ITH3,gva_sector_k,9510.271892055021,Single
ITH4,gva_sector_k,2769.025147322359,Single
ITH5,gva_sector_k,8701.141497306908,Single
ITI1,gva_sector_k,7360.809423553727,Single
ITI2,gva_sector_k,970.3633202147304,Single
ITI3,gva_sector_k,2188.2519745501495,Single
ITI4,gva_sector_k,16450.19904063864,Single
ITZZ,gva_sector_k,0.0,Single
LVZZ,gva_sector_k,0.0,Single
NL11,gva_sector_k,816.341542629337,Single
NL12,gva_sector_k,1630.0171672808515,Single
NL13,gva_sector_k,867.4793664202839,Single
NL21,gva_sector_k,1853.714841442535,Single
NL22,gva_sector_k,4174.313262258049,Single
NL23,gva_sector_k,383.3674539913267,Single
NL32,gva_sector_k,21095.809465642786,Single
NL34,gva_sector_k,418.6323205856571,Single
NL41,gva_sector_k,5236.180038151666,Single
NL42,gva_sector_k,1726.7353672952713,Single
NLZZ,gva_sector_k,0.0,Single
NO02,gva_sector_k,665.1266318247305,Single
NO06,gva_sector_k,1185.9135497996122,Single
NO07,gva_sector_k,665.8747452898448,Single
NO08,gva_sector_k,7587.4157665946495,Single
NO09,gva_sector_k,940.0727743646052,Single
NO0A,gva_sector_k,3873.1265582090896,Single
NO0B,gva_sector_k,0.0,Single
NOZZ,gva_sector_k,0.0,Single
PL21,gva_sector_k,2366.042366286567,Single
PL22,gva_sector_k,3578.1388761375033,Single
PL41,gva_sector_k,2825.267683986307,Single
PL42,gva_sector_k,753.6853916662187,Single
PL43,gva_sector_k,353.46988204097653,Single
PL51,gva_sector_k,2562.6703124767137,Single
PL52,gva_sector_k,317.31990300004355,Single
PL61,gva_sector_k,829.02178216265,Single
PL62,gva_sector_k,587.552249625154,Single
PL63,gva_sector_k,1712.9594837415575,Single
PL71,gva_sector_k,2723.036389251494,Single
PL72,gva_sector_k,330.2151882016228,Single
PL81,gva_sector_k,970.6049035340465,Single
PL82,gva_sector_k,674.0847017159183,Single
PL84,gva_sector_k,421.6352695596872,Single
PL91,gva_sector_k,11596.027650944578,Single
PL92,gva_sector_k,721.1239862762916,Single
PLZZ,gva_sector_k,0.0,Single
PTZZ,gva_sector_k,0.0,Single
ROZZ,gva_sector_k,0.0,Single
RS11,gva_sector_k,1422.6743519329466,Single
RS12,gva_sector_k,434.6617323643186,Single
RS21,gva_sector_k,206.21545694302935,Single
RS22,gva_sector_k,128.92767793748644,Single
RSZZ,gva_sector_k,0.0,Single
SEZZ,gva_sector_k,0.0,Single
AL01,gva_sector_klmn,289.98801772370626,Single
AL02,gva_sector_klmn,1259.829072511598,Single
AL03,gva_sector_klmn,286.9397608683353,Single
BEZZ,gva_sector_klmn,7.029513653833419e-05,Single
CH01,gva_sector_klmn,7.029513653833419e-05,Single
CH02,gva_sector_klmn,7.029513653833419e-05,Single
CH03,gva_sector_klmn,7.029513653833419e-05,Single
CH04,gva_sector_klmn,7.029513653833419e-05,Single
CH05,gva_sector_klmn,7.029513653833419e-05,Single
CH06,gva_sector_klmn,7.029513653833419e-05,Single
CH07,gva_sector_klmn,7.029513653833419e-05,Single
DE11,gva_sector_klmn,54769.61893343106,Single
DE12,gva_sector_klmn,34312.15703844835,Single
DE13,gva_sector_klmn,21803.53422306981,Single
DE14,gva_sector_klmn,21240.95708342289,Single
DE21,gva_sector_klmn,96325.42888015643,Single
DE22,gva_sector_klmn,12460.649436167614,Single
DE23,gva_sector_klmn,12378.029602072122,Single
DE24,gva_sector_klmn,12078.84177316642,Single
DE25,gva_sector_klmn,24365.627950591093,Single
DE26,gva_sector_klmn,13958.25929356673,Single
DE27,gva_sector_klmn,20541.579325502113,Single
DE30,gva_sector_klmn,49983.35498100978,Single
DE40,gva_sector_klmn,19982.20473415253,Single
DE50,gva_sector_klmn,8957.10583926386,Single
DE60,gva_sector_klmn,43558.67244477532,Single
DE71,gva_sector_klmn,88478.82143454519,Single
DE72,gva_sector_klmn,10250.175216366417,Single
DE73,gva_sector_klmn,12178.416604486543,Single
DE80,gva_sector_klmn,11081.957830329786,Single
DE91,gva_sector_klmn,22129.712896230296,Single
DE92,gva_sector_klmn,23879.24700567987,Single
DE93,gva_sector_klmn,12438.169670527655,Single
DE94,gva_sector_klmn,21999.43299096676,Single
DEA1,gva_sector_klmn,63189.240966349236,Single
DEA2,gva_sector_klmn,57443.561302051465,Single
DEA3,gva_sector_klmn,24968.754465790968,Single
DEA4,gva_sector_klmn,19497.15042290826,Single
DEA5,gva_sector_klmn,32974.743977403865,Single
DEB1,gva_sector_klmn,12557.723726266418,Single
DEB2,gva_sector_klmn,3633.999792037093,Single
DEB3,gva_sector_klmn,23590.76323367031,Single
DEC0,gva_sector_klmn,9034.493274482653,Single
DED2,gva_sector_klmn,12151.82105341351,Single
DED4,gva_sector_klmn,9065.456012683055,Single
DED5,gva_sector_klmn,9529.327156476136,Single
DEE0,gva_sector_klmn,13622.228295124121,Single
DEF0,gva_sector_klmn,25732.42457470838,Single
DEG0,gva_sector_klmn,14347.631711059163,Single
FIZZ,gva_sector_klmn,7.029513653833419e-05,Single
FR10,gva_sector_klmn,215057.32182373555,Single
FRB0,gva_sector_klmn,21630.916876370477,Single
FRC1,gva_sector_klmn,13612.583899729047,Single
FRC2,gva_sector_klmn,8793.143531639991,Single
FRD1,gva_sector_klmn,12157.155184032394,Single
FRD2,gva_sector_klmn,16178.564645696448,Single
FRE1,gva_sector_klmn,36816.11245528259,Single
FRE2,gva_sector_klmn,13980.134380293963,Single
FRF1,gva_sector_klmn,15901.704158738157,Single
FRF2,gva_sector_klmn,9531.650403138863,Single
FRF3,gva_sector_klmn,15239.689365533832,Single
FRG0,gva_sector_klmn,35680.9614220111,Single
FRH0,gva_sector_klmn,28575.996253932288,Single
FRI1,gva_sector_klmn,34026.482753791715,Single
FRI2,gva_sector_klmn,5247.676391738572,Single
FRI3,gva_sector_klmn,15323.467996811887,Single
FRJ1,gva_sector_klmn,27206.027944479887,Single
FRJ2,gva_sector_klmn,31781.82488603988,Single
FRK1,gva_sector_klmn,11987.270153700285,Single
FRK2,gva_sector_klmn,66080.11578792191,Single
FRL0,gva_sector_klmn,56322.698424187154,Single
FRM0,gva_sector_klmn,2516.493046933989,Single
FRY1,gva_sector_klmn,2292.2416823093567,Single
FRY2,gva_sector_klmn,2403.8728047638506,Single
FRY3,gva_sector_klmn,1554.5463629700039,Single
FRY4,gva_sector_klmn,5774.272714402374,Single
FRY5,gva_sector_klmn,443.89143005759405,Single
FRZZ,gva_sector_klmn,7.029513653833419e-05,Single
IE04,gva_sector_klmn,7058.928387350009,Single
IE05,gva_sector_klmn,21457.60528395146,Single
IE06,gva_sector_klmn,62446.10717940662,Single
LVZZ,gva_sector_klmn,7.029513653833419e-05,Single
NL11,gva_sector_klmn,5787.250275407342,Single
NL12,gva_sector_klmn,6495.070268676045,Single
NL13,gva_sector_klmn,4463.749830286761,Single
NL21,gva_sector_klmn,12712.20309571518,Single
NL22,gva_sector_klmn,24754.501709971075,Single
NL23,gva_sector_klmn,4684.337244894021,Single
NL32,gva_sector_klmn,73495.53970014234,Single
NL34,gva_sector_klmn,3535.2441483795283,Single
NL41,gva_sector_klmn,36166.54438246916,Single
NL42,gva_sector_klmn,12522.94372967091,Single
NLZZ,gva_sector_klmn,7.029513653833419e-05,Single
NO02,gva_sector_klmn,2868.395706159673,Single
NO06,gva_sector_klmn,5068.249893214806,Single
NO07,gva_sector_klmn,3765.4412581203524,Single
NO08,gva_sector_klmn,36115.421184692335,Single
NO09,gva_sector_klmn,5377.66427127837,Single
NO0A,gva_sector_klmn,15263.730829911348,Single
NO0B,gva_sector_klmn,4.588402271270752,Single
NOZZ,gva_sector_klmn,7.029513653833419e-05,Single
PL21,gva_sector_klmn,10218.465957383274,Single
PL22,gva_sector_klmn,12055.277262516312,Single
PL41,gva_sector_klmn,10321.758918015272,Single
PL42,gva_sector_klmn,3540.0569206015107,Single
PL43,gva_sector_klmn,1863.163685126082,Single
PL51,gva_sector_klmn,10202.146127065684,Single
PL52,gva_sector_klmn,1869.2632008777862,Single
PL61,gva_sector_klmn,3544.2244885475748,Single
PL62,gva_sector_klmn,2383.6108511605084,Single
PL63,gva_sector_klmn,6741.4914798291775,Single
PL71,gva_sector_klmn,7245.060227431525,Single
PL72,gva_sector_klmn,1864.7384397877972,Single
PL81,gva_sector_klmn,3557.661009450603,Single
PL82,gva_sector_klmn,3323.679313730321,Single
PL84,gva_sector_klmn,1952.7435438153373,Single
PL91,gva_sector_klmn,33407.963725927686,Single
PL92,gva_sector_klmn,3494.4800633825216,Single
PLZZ,gva_sector_klmn,7.029513653833419e-05,Single
PTZZ,gva_sector_klmn,7.029513653833419e-05,Single
ROZZ,gva_sector_klmn,7.029513653833419e-05,Single
RS11,gva_sector_klmn,6325.7756948408405,Single
RS12,gva_sector_klmn,2334.6893169877044,Single
RS21,gva_sector_klmn,1412.4188551437396,Single
RS22,gva_sector_klmn,1040.7148961394266,Single
RSZZ,gva_sector_klmn,7.029513653833419e-05,Single
SEZZ,gva_sector_klmn,7.029513653833419e-05,Single
AL01,gva_sector_l,171.4024714321909,Single
AL02,gva_sector_l,403.07157496689643,Single
AL03,gva_sector_l,170.8527773008379,Single
BEZZ,gva_sector_l,0.0,Single
CH01,gva_sector_l,0.0,Single
CH02,gva_sector_l,0.0,Single
CH03,gva_sector_l,0.0,Single
CH04,gva_sector_l,0.0,Single
CH05,gva_sector_l,0.0,Single
CH06,gva_sector_l,0.0,Single
CH07,gva_sector_l,0.0,Single
DE11,gva_sector_l,18227.249416239752,Single
DE12,gva_sector_l,12614.7600471039,Single
DE13,gva_sector_l,10075.111481163636,Single
DE14,gva_sector_l,8645.402688024147,Single
DE21,gva_sector_l,27680.93981218342,Single
DE22,gva_sector_l,6638.619153271241,Single
DE23,gva_sector_l,5792.045443879407,Single
DE24,gva_sector_l,5185.356758229566,Single
DE25,gva_sector_l,9502.825201988158,Single
DE26,gva_sector_l,7236.332873722188,Single
DE27,gva_sector_l,9843.373964509534,Single
DE30,gva_sector_l,18370.220176925028,Single
DE40,gva_sector_l,9531.722045956683,Single
DE50,gva_sector_l,3342.8731045048303,Single
DE60,gva_sector_l,12577.875193033065,Single
DE71,gva_sector_l,18755.80497154611,Single
DE72,gva_sector_l,4817.984053799621,Single
DE73,gva_sector_l,5264.1698632085745,Single
DE80,gva_sector_l,5401.039809436295,Single
DE91,gva_sector_l,6385.950673595748,Single
DE92,gva_sector_l,8658.952975629523,Single
DE93,gva_sector_l,7243.309423099119,Single
DE94,gva_sector_l,11085.451181955534,Single
DEA1,gva_sector_l,21133.48249854528,Single
DEA2,gva_sector_l,17790.082477661374,Single
DEA3,gva_sector_l,11461.438136752713,Single
DEA4,gva_sector_l,9298.289290167759,Single
DEA5,gva_sector_l,12953.69420251684,Single
DEB1,gva_sector_l,5779.188356282349,Single
DEB2,gva_sector_l,2190.7661991287323,Single
DEB3,gva_sector_l,8490.192200905418,Single
DEC0,gva_sector_l,3989.935376156607,Single
DED2,gva_sector_l,5076.861888425385,Single
DED4,gva_sector_l,4463.429085420579,Single
DED5,gva_sector_l,3811.5079711069525,Single
DEE0,gva_sector_l,6484.2734603617755,Single
DEF0,gva_sector_l,12175.328117878144,Single
DEG0,gva_sector_l,6789.16852975403,Single
FIZZ,gva_sector_l,0.0,Single
FR10,gva_sector_l,67683.76661683775,Single
FRB0,gva_sector_l,11019.643352518953,Single
FRC1,gva_sector_l,7376.753024241822,Single
FRC2,gva_sector_l,4653.08944007092,Single
FRD1,gva_sector_l,6531.039871533209,Single
FRD2,gva_sector_l,8507.421281643125,Single
FRE1,gva_sector_l,15899.617429749476,Single
FRE2,gva_sector_l,7937.298182944872,Single
FRF1,gva_sector_l,7833.16936750581,Single
FRF2,gva_sector_l,5450.251238507716,Single
FRF3,gva_sector_l,8306.016159094033,Single
FRG0,gva_sector_l,16349.595232696596,Single
FRH0,gva_sector_l,13020.500451218282,Single
FRI1,gva_sector_l,16716.11962850894,Single
FRI2,gva_sector_l,3262.4578952904785,Single
FRI3,gva_sector_l,7980.497773586163,Single
FRJ1,gva_sector_l,13547.167744517574,Single
FRJ2,gva_sector_l,12996.124381168116,Single
FRK1,gva_sector_l,5884.4265279933525,Single
FRK2,gva_sector_l,30762.900991949486,Single
FRL0,gva_sector_l,26340.117451828126,Single
FRM0,gva_sector_l,1361.7795788975698,Single
FRY1,gva_sector_l,1043.7691427948018,Single
FRY2,gva_sector_l,1256.677429877705,Single
FRY3,gva_sector_l,540.1562092451841,Single
FRY4,gva_sector_l,3523.3295832215904,Single
FRY5,gva_sector_l,317.93258747340906,Single
FRZZ,gva_sector_l,0.0,Single
IE04,gva_sector_l,2673.6927083010482,Single
IE05,gva_sector_l,6262.164835185474,Single
IE06,gva_sector_l,19231.729358798235,Single
ITC1,gva_sector_l,17999.655699381805,Single
ITC2,gva_sector_l,884.4636208922307,Single
ITC3,gva_sector_l,9027.40077684747,Single
ITC4,gva_sector_l,41096.860425314735,Single
ITF1,gva_sector_l,4609.388970738826,Single
ITF2,gva_sector_l,1000.4016048424988,Single
ITF3,gva_sector_l,13263.021524464482,Single
ITF4,gva_sector_l,10937.619853970275,Single
ITF5,gva_sector_l,1154.7355129854127,Single
ITF6,gva_sector_l,5009.418857296194,Single
ITG1,gva_sector_l,13376.888711405343,Single
ITG2,gva_sector_l,5182.339958276467,Single
ITH1,gva_sector_l,2972.7894560149953,Single
ITH2,gva_sector_l,2721.724423415251,Single
ITH3,gva_sector_l,20254.453523157004,Single
ITH4,gva_sector_l,4765.810208856736,Single
ITH5,gva_sector_l,20627.275264653406,Single
ITI1,gva_sector_l,16447.1016211716,Single
ITI2,gva_sector_l,3043.0969676882123,Single
ITI3,gva_sector_l,5210.185050706657,Single
ITI4,gva_sector_l,26889.1924031073,Single
ITZZ,gva_sector_l,0.0,Single
LVZZ,gva_sector_l,0.0,Single
NL11,gva_sector_l,1810.900764568692,Single
NL12,gva_sector_l,1910.2028946541227,Single
NL13,gva_sector_l,1430.512665730732,Single
NL21,gva_sector_l,3728.2494192224967,Single
NL22,gva_sector_l,7509.773509878441,Single
NL23,gva_sector_l,1343.592732133542,Single
NL32,gva_sector_l,14496.389824932128,Single
NL34,gva_sector_l,1378.5829477577586,Single
NL41,gva_sector_l,10030.535331120096,Single
NL42,gva_sector_l,3577.7910964740777,Single
NLZZ,gva_sector_l,0.0,Single
NO02,gva_sector_l,1432.138848254169,Single
NO06,gva_sector_l,1757.9051117767244,Single
NO07,gva_sector_l,1747.6607566971452,Single
NO08,gva_sector_l,11105.819701140372,Single
NO09,gva_sector_l,2905.474638365793,Single
NO0A,gva_sector_l,5389.831179846788,Single
NO0B,gva_sector_l,2.046984992901985,Single
NOZZ,gva_sector_l,0.0,Single
PL21,gva_sector_l,3133.3905195292427,Single
PL22,gva_sector_l,3939.214148845619,Single
PL41,gva_sector_l,3161.862911949541,Single
PL42,gva_sector_l,1514.2916255923194,Single
PL43,gva_sector_l,768.9691105850799,Single
PL51,gva_sector_l,2841.9662447868127,Single
PL52,gva_sector_l,757.7003845914842,Single
PL61,gva_sector_l,1512.8306513614748,Single
PL62,gva_sector_l,1040.4586303814476,Single
PL63,gva_sector_l,2274.5344336164403,Single
PL71,gva_sector_l,2102.682965284097,Single
PL72,gva_sector_l,939.1738756777086,Single
PL81,gva_sector_l,1641.2171987009738,Single
PL82,gva_sector_l,1477.2563869307044,Single
PL84,gva_sector_l,930.398813896581,Single
PL91,gva_sector_l,5424.887384550924,Single
PL92,gva_sector_l,1625.799988793333,Single
PLZZ,gva_sector_l,0.0,Single
PTZZ,gva_sector_l,0.0,Single
ROZZ,gva_sector_l,0.0,Single
RS11,gva_sector_l,2073.7471418267414,Single
RS12,gva_sector_l,1101.1252669614487,Single
RS21,gva_sector_l,933.2846155868906,Single
RS22,gva_sector_l,644.6182517424311,Single
RSZZ,gva_sector_l,0.0,Single
SEZZ,gva_sector_l,0.0,Single
AL01,gva_sector_mn,117.67189997078239,Single
AL02,gva_sector_mn,707.0494686550211,Single
AL03,gva_sector_mn,44.08518790121827,Single
BEZZ,gva_sector_mn,0.0011558698024600744,Single
CH01,gva_sector_mn,22315.966318908726,Single
CH02,gva_sector_mn,21605.007097730762,Single
CH03,gva_sector_mn,16828.585640289835,Single
CH04,gva_sector_mn,22433.323508927708,Single
CH05,gva_sector_mn,13729.363371368892,Single
CH06,gva_sector_mn,10246.302958478875,Single
CH07,gva_sector_mn,6013.873044883827,Single
DE11,gva_sector_mn,23719.908446117945,Single
DE12,gva_sector_mn,16812.61122922242,Single
DE13,gva_sector_mn,8494.670752947097,Single
DE14,gva_sector_mn,9251.292639454485,Single
DE21,gva_sector_mn,41152.72135586667,Single
DE22,gva_sector_mn,3995.6122901804756,Single
DE23,gva_sector_mn,4765.543614383219,Single
DE24,gva_sector_mn,3519.795035487321,Single
DE25,gva_sector_mn,9789.649682285708,Single
DE26,gva_sector_mn,5513.2648198849165,Single
DE27,gva_sector_mn,6886.225647936269,Single
DE30,gva_sector_mn,27118.742493328078,Single
DE40,gva_sector_mn,8315.518813640294,Single
DE50,gva_sector_mn,4461.114863503461,Single
DE60,gva_sector_mn,24468.527134324773,Single
DE71,gva_sector_mn,34824.92381677168,Single
DE72,gva_sector_mn,3604.0254902415104,Single
DE73,gva_sector_mn,5274.293154080433,Single
DE80,gva_sector_mn,4539.231528709676,Single
DE91,gva_sector_mn,15303.850456939126,Single
DE92,gva_sector_mn,8930.389715836143,Single
DE93,gva_sector_mn,3964.764918850754,Single
DE94,gva_sector_mn,8901.48657417719,Single
DEA1,gva_sector_mn,30453.325001680612,Single
DEA2,gva_sector_mn,27208.826715538344,Single
DEA3,gva_sector_mn,9575.403222643039,Single
DEA4,gva_sector_mn,7865.794120549341,Single
DEA5,gva_sector_mn,13191.485435732913,Single
DEB1,gva_sector_mn,4530.489509067109,Single
DEB2,gva_sector_mn,1057.9735548343874,Single
DEB3,gva_sector_mn,14622.769560188424,Single
DEC0,gva_sector_mn,3382.342690852749,Single
DED2,gva_sector_mn,6233.70928347461,Single
DED4,gva_sector_mn,3612.5365265561754,Single
DED5,gva_sector_mn,4674.709029748792,Single
DEE0,gva_sector_mn,6162.679096594247,Single
DEF0,gva_sector_mn,9610.521331179481,Single
DEG0,gva_sector_mn,6180.432733567921,Single
FIZZ,gva_sector_mn,0.0011558698024600744,Single
FR10,gva_sector_mn,91343.17634499223,Single
FRB0,gva_sector_mn,8491.412699355902,Single
FRC1,gva_sector_mn,6018.014753503452,Single
FRC2,gva_sector_mn,3040.847564580583,Single
FRD1,gva_sector_mn,4832.71348119879,Single
FRD2,gva_sector_mn,5874.271676128345,Single
FRE1,gva_sector_mn,18585.79133104179,Single
FRE2,gva_sector_mn,4994.93383956966,Single
FRF1,gva_sector_mn,7558.30859604681,Single
FRF2,gva_sector_mn,3394.3496820462024,Single
FRF3,gva_sector_mn,5936.876174001366,Single
FRG0,gva_sector_mn,17360.989002889455,Single
FRH0,gva_sector_mn,11258.840270889232,Single
FRI1,gva_sector_mn,14674.380926134882,Single
FRI2,gva_sector_mn,1484.0460593981943,Single
FRI3,gva_sector_mn,5004.871514666274,Single
FRJ1,gva_sector_mn,9962.963080815933,Single
FRJ2,gva_sector_mn,14696.376196224359,Single
FRK1,gva_sector_mn,5535.742666963545,Single
FRK2,gva_sector_mn,29659.643360329752,Single
FRL0,gva_sector_mn,23219.887821631426,Single
FRM0,gva_sector_mn,895.1276680182311,Single
FRY1,gva_sector_mn,737.1776633962297,Single
FRY2,gva_sector_mn,753.2017794755291,Single
FRY3,gva_sector_mn,773.1816377697379,Single
FRY4,gva_sector_mn,1277.0734785129087,Single
FRY5,gva_sector_mn,116.3451340026152,Single
FRZZ,gva_sector_mn,0.0011558698024600744,Single
IE04,gva_sector_mn,3219.9411309431152,Single
IE05,gva_sector_mn,11859.409957472788,Single
IE06,gva_sector_mn,31544.810506300808,Single
ITC1,gva_sector_mn,18414.473465006275,Single
ITC2,gva_sector_mn,346.37992995991567,Single
ITC3,gva_sector_mn,4807.706603605704,Single
ITC4,gva_sector_mn,41306.512901993025,Single
ITF1,gva_sector_mn,3114.8735164055115,Single
ITF2,gva_sector_mn,627.2882108550126,Single
ITF3,gva_sector_mn,10205.552903064627,Single
ITF4,gva_sector_mn,6744.535971561458,Single
ITF5,gva_sector_mn,1129.5076402707164,Single
ITF6,gva_sector_mn,2686.817655840042,Single
ITG1,gva_sector_mn,6880.594940998316,Single
ITG2,gva_sector_mn,3195.3184256116724,Single
ITH1,gva_sector_mn,1998.0385117702695,Single
ITH2,gva_sector_mn,2237.0285400056946,Single
ITH3,gva_sector_mn,16667.214557548315,Single
ITH4,gva_sector_mn,3395.2657019158432,Single
ITH5,gva_sector_mn,20247.294317328175,Single
ITI1,gva_sector_mn,13988.198645474055,Single
ITI2,gva_sector_mn,2240.309125794166,Single
ITI3,gva_sector_mn,3765.917230870252,Single
ITI4,gva_sector_mn,24196.33168231402,Single
ITZZ,gva_sector_mn,0.0011558698024600744,Single
LVZZ,gva_sector_mn,0.0011558698024600744,Single
NL11,gva_sector_mn,3299.0341549525947,Single
NL12,gva_sector_mn,2817.785207026279,Single
NL13,gva_sector_mn,2240.1645068006637,Single
NL21,gva_sector_mn,7051.358085196685,Single
NL22,gva_sector_mn,13626.324067323003,Single
NL23,gva_sector_mn,3115.2174868233096,Single
NL32,gva_sector_mn,35683.73498951967,Single
NL34,gva_sector_mn,1822.2154704319169,Single
NL41,gva_sector_mn,23212.00233119155,Single
NL42,gva_sector_mn,6778.703522941249,Single
NLZZ,gva_sector_mn,0.0011558698024600744,Single
NO02,gva_sector_mn,767.5488719730331,Single
NO06,gva_sector_mn,2324.536153179056,Single
NO07,gva_sector_mn,1180.0201198170002,Single
NO08,gva_sector_mn,13992.08497501858,Single
NO09,gva_sector_mn,2291.2644124811977,Single
NO0A,gva_sector_mn,6148.4914672590685,Single
NO0B,gva_sector_mn,3.850301742553711,Single
NOZZ,gva_sector_mn,0.0011558698024600744,Single
PL21,gva_sector_mn,5519.876896066502,Single
PL22,gva_sector_mn,5400.519309676942,Single
PL41,gva_sector_mn,4219.769733939132,Single
PL42,gva_sector_mn,1509.8734108620656,Single
PL43,gva_sector_mn,695.9775450511912,Single
PL51,gva_sector_mn,4753.863041337436,Single
PL52,gva_sector_mn,861.5312228981138,Single
PL61,gva_sector_mn,1277.9020521757732,Single
PL62,gva_sector_mn,829.8309725825233,Single
PL63,gva_sector_mn,2671.005523933358,Single
PL71,gva_sector_mn,2693.43367876454,Single
PL72,gva_sector_mn,688.4117973652529,Single
PL81,gva_sector_mn,1078.0357028442313,Single
PL82,gva_sector_mn,1120.8007069502055,Single
PL84,gva_sector_mn,632.2004262811479,Single
PL91,gva_sector_mn,14746.343478640807,Single
PL92,gva_sector_mn,1266.477181982409,Single
PLZZ,gva_sector_mn,0.0011558698024600744,Single
PTZZ,gva_sector_mn,0.0011558698024600744,Single
ROZZ,gva_sector_mn,0.0011558698024600744,Single
RS11,gva_sector_mn,2991.5640219847114,Single
RS12,gva_sector_mn,831.2634486484897,Single
RS21,gva_sector_mn,425.1383447603181,Single
RS22,gva_sector_mn,279.81031007525405,Single
RSZZ,gva_sector_mn,0.0011558698024600744,Single
SEZZ,gva_sector_mn,0.0011558698024600744,Single
AL01,gva_sector_opq,429.9759919632445,Multi
AL02,gva_sector_opq,1293.468269998345,Multi
AL03,gva_sector_opq,415.073817633608,Multi
CH01,gva_sector_opq,8404.631142305017,Multi
CH02,gva_sector_opq,9474.723055380427,Multi
CH03,gva_sector_opq,4966.125242922877,Multi
CH04,gva_sector_opq,10969.59756797607,Multi
CH05,gva_sector_opq,3957.15084408636,Multi
CH06,gva_sector_opq,2894.378303260277,Multi
CH07,gva_sector_opq,1599.4190577781076,Multi
DE11,gva_sector_opq,28960.251111827136,Multi
DE12,gva_sector_opq,23274.28222936234,Multi
DE13,gva_sector_opq,18121.59882485099,Multi
DE14,gva_sector_opq,15233.058148361411,Multi
DE21,gva_sector_opq,37498.95026008735,Multi
DE22,gva_sector_opq,9781.98687205556,Multi
DE23,gva_sector_opq,9815.385157706816,Multi
DE24,gva_sector_opq,9603.236476875956,Multi
DE25,gva_sector_opq,14823.431993491773,Multi
DE26,gva_sector_opq,11143.004158222102,Multi
DE27,gva_sector_opq,13341.251622441723,Multi
DE30,gva_sector_opq,37194.92677151208,Multi
DE40,gva_sector_opq,18966.78091107957,Multi
DE50,gva_sector_opq,7622.187097275418,Multi
DE60,gva_sector_opq,20038.316341576534,Multi
DE71,gva_sector_opq,32064.42220226019,Multi
DE72,gva_sector_opq,9758.535728369936,Multi
DE73,gva_sector_opq,10432.36126307416,Multi
DE80,gva_sector_opq,14301.117222222769,Multi
DE91,gva_sector_opq,11596.463900784143,Multi
DE92,gva_sector_opq,19593.434410400874,Multi
DE93,gva_sector_opq,12791.247930092612,Multi
DE94,gva_sector_opq,20254.786973669572,Multi
DEA1,gva_sector_opq,38430.08484255431,Multi
DEA2,gva_sector_opq,35985.262206621075,Multi
DEA3,gva_sector_opq,23120.459813145135,Multi
DEA4,gva_sector_opq,16121.015811594862,Multi
DEA5,gva_sector_opq,28234.46727920789,Multi
DEB1,gva_sector_opq,13183.38735181909,Multi
DEB2,gva_sector_opq,4287.656343466519,Multi
DEB3,gva_sector_opq,14693.769136514175,Multi
DEC0,gva_sector_opq,8962.759377338956,Multi
DED2,gva_sector_opq,13783.623360557305,Multi
DED4,gva_sector_opq,10462.755251086046,Multi
DED5,gva_sector_opq,8744.054989688668,Multi
DEE0,gva_sector_opq,16882.31052614478,Multi
DEF0,gva_sector_opq,25416.893638466005,Multi
DEG0,gva_sector_opq,16848.467828073175,Multi
FR10,gva_sector_opq,77003.41187921187,Multi
FRB0,gva_sector_opq,18133.336308356127,Multi
FRC1,gva_sector_opq,13005.991913747222,Multi
FRC2,gva_sector_opq,8692.781452861469,Multi
FRD1,gva_sector_opq,11508.26723932873,Multi
FRD2,gva_sector_opq,14603.45009412833,Multi
FRE1,gva_sector_opq,30453.850212459118,Multi
FRE2,gva_sector_opq,14108.069104107264,Multi
FRF1,gva_sector_opq,14150.665612991723,Multi
FRF2,gva_sector_opq,11183.775726099797,Multi
FRF3,gva_sector_opq,16648.76024984985,Multi
FRG0,gva_sector_opq,26601.622844098383,Multi
FRH0,gva_sector_opq,25707.120468691486,Multi
FRI1,gva_sector_opq,26333.222580491325,Multi
FRI2,gva_sector_opq,6669.844671775794,Multi
FRI3,gva_sector_opq,13569.375001360382,Multi
FRJ1,gva_sector_opq,22411.551308293514,Multi
FRJ2,gva_sector_opq,24658.53953068433,Multi
FRK1,gva_sector_opq,10604.21001634611,Multi
FRK2,gva_sector_opq,44309.859081179406,Multi
FRL0,gva_sector_opq,41592.89641580105,Multi
FRM0,gva_sector_opq,3488.444027868279,Multi
FRY1,gva_sector_opq,4008.809154253294,Multi
FRY2,gva_sector_opq,3977.644379583113,Multi
FRY3,gva_sector_opq,2041.3864377629172,Multi
FRY4,gva_sector_opq,8201.837171981084,Multi
FRY5,gva_sector_opq,1709.7450189102037,Multi
FRZZ,gva_sector_opq,1003.2883833998019,Multi
IE04,gva_sector_opq,7899.236129844867,Multi
IE05,gva_sector_opq,22822.84555496997,Multi
IE06,gva_sector_opq,23572.147350471205,Multi
ITC1,gva_sector_opq,22823.585020249404,Multi
ITC2,gva_sector_opq,1199.6674815002225,Multi
ITC3,gva_sector_opq,9930.130465360071,Multi
ITC4,gva_sector_opq,42920.18603475974,Multi
ITF1,gva_sector_opq,7317.527053329099,Multi
ITF2,gva_sector_opq,1765.859142745635,Multi
ITF3,gva_sector_opq,23954.29542384063,Multi
ITF4,gva_sector_opq,18724.935685484546,Multi
ITF5,gva_sector_opq,2723.9260929599723,Multi
ITF6,gva_sector_opq,9797.627298120655,Multi
ITG1,gva_sector_opq,22673.36838375499,Multi
ITG2,gva_sector_opq,9813.29058547075,Multi
ITH1,gva_sector_opq,5113.272966792833,Multi
ITH2,gva_sector_opq,4029.8806023927255,Multi
ITH3,gva_sector_opq,23346.528465516792,Multi
ITH4,gva_sector_opq,7325.309214168856,Multi
ITH5,gva_sector_opq,23378.03092384447,Multi
ITI1,gva_sector_opq,19571.166106386514,Multi
ITI2,gva_sector_opq,4290.887447545848,Multi
ITI3,gva_sector_opq,7463.6501606963,Multi
ITI4,gva_sector_opq,39437.87934517444,Multi
ITZZ,gva_sector_opq,291.88497949359066,Multi
NL11,gva_sector_opq,8193.336898906806,Multi
NL12,gva_sector_opq,6192.407577296395,Multi
NL13,gva_sector_opq,5398.740034844004,Multi
NL21,gva_sector_opq,12196.282080617166,Multi
NL22,gva_sector_opq,18867.978143324082,Multi
NL23,gva_sector_opq,3692.3859863241287,Multi
NL32,gva_sector_opq,28823.95985590743,Multi
NL34,gva_sector_opq,3703.87771310093,Multi
NL41,gva_sector_opq,24030.09475403923,Multi
NL42,gva_sector_opq,10962.177464754532,Multi
NLZZ,gva_sector_opq,421.95980848541086,Multi
NO02,gva_sector_opq,6123.504623978901,Multi
NO06,gva_sector_opq,7231.951468374889,Multi
NO07,gva_sector_opq,8926.859845285273,Multi
NO08,gva_sector_opq,25978.368849667524,Multi
NO09,gva_sector_opq,10356.372118253768,Multi
NO0A,gva_sector_opq,20040.37694521811,Multi
NO0B,gva_sector_opq,184.46981022076824,Multi
NOZZ,gva_sector_opq,602.6508178710938,Multi
PL21,gva_sector_opq,7834.97194539327,Multi
PL22,gva_sector_opq,10277.58663657686,Multi
PL41,gva_sector_opq,7703.568414012872,Multi
PL42,gva_sector_opq,4242.128675263952,Multi
PL43,gva_sector_opq,2233.961198236062,Multi
PL51,gva_sector_opq,7507.934220610231,Multi
PL52,gva_sector_opq,2027.2959502040421,Multi
PL61,gva_sector_opq,4512.62170135381,Multi
PL62,gva_sector_opq,3023.744618420259,Multi
PL63,gva_sector_opq,5501.742794836814,Multi
PL71,gva_sector_opq,5867.450348275135,Multi
PL72,gva_sector_opq,2670.8417238138213,Multi
PL81,gva_sector_opq,4793.398086036744,Multi
PL82,gva_sector_opq,4350.911089132566,Multi
PL84,gva_sector_opq,2645.2949659285377,Multi
PL91,gva_sector_opq,12256.249317267851,Multi
PL92,gva_sector_opq,4308.352056174277,Multi
PLZZ,gva_sector_opq,0.5997880697250366,Multi
RS11,gva_sector_opq,3182.9342377476023,Multi
RS12,gva_sector_opq,1906.9986338903032,Multi
RS21,gva_sector_opq,1810.699651141957,Multi
RS22,gva_sector_opq,1541.1217135181382,Multi
RSZZ,gva_sector_opq,11.073207294910711,Multi
AL01,gva_sector_opqrstu,556.9324589528682,Multi
AL02,gva_sector_opqrstu,1678.7304150691803,Multi
AL03,gva_sector_opqrstu,512.6493498193473,Multi
CH01,gva_sector_opqrstu,13848.455006079068,Multi
CH02,gva_sector_opqrstu,16775.21037483508,Multi
CH03,gva_sector_opqrstu,10060.317992859103,Multi
CH04,gva_sector_opqrstu,15551.269672717417,Multi
CH05,gva_sector_opqrstu,9045.091571313174,Multi
CH06,gva_sector_opqrstu,5846.937085051625,Multi
CH07,gva_sector_opqrstu,1963.1611330292778,Multi
DE11,gva_sector_opqrstu,36631.794674903984,Multi
DE12,gva_sector_opqrstu,26798.795911696852,Multi
DE13,gva_sector_opqrstu,19925.14998300634,Multi
DE14,gva_sector_opqrstu,17048.224951852502,Multi
DE21,gva_sector_opqrstu,49559.05660707172,Multi
DE22,gva_sector_opqrstu,10198.16422986588,Multi
DE23,gva_sector_opqrstu,10686.935080040921,Multi
DE24,gva_sector_opqrstu,11235.521205844409,Multi
DE25,gva_sector_opqrstu,18474.777946471047,Multi
DE26,gva_sector_opqrstu,12948.323922814725,Multi
DE27,gva_sector_opqrstu,16168.355176923447,Multi
DE30,gva_sector_opqrstu,49626.29911582936,Multi
DE40,gva_sector_opqrstu,21908.987070136198,Multi
DE50,gva_sector_opqrstu,9010.205197076175,Multi
DE60,gva_sector_opqrstu,23918.484066503708,Multi
DE71,gva_sector_opqrstu,42737.22871740277,Multi
DE72,gva_sector_opqrstu,10784.169470324563,Multi
DE73,gva_sector_opqrstu,11525.984924853368,Multi
DE80,gva_sector_opqrstu,14986.37132597371,Multi
DE91,gva_sector_opqrstu,15424.054030693782,Multi
DE92,gva_sector_opqrstu,21532.505880465884,Multi
DE93,gva_sector_opqrstu,13352.464115071656,Multi
DE94,gva_sector_opqrstu,21020.387953561418,Multi
DEA1,gva_sector_opqrstu,51607.15294347973,Multi
DEA2,gva_sector_opqrstu,46539.95852211609,Multi
DEA3,gva_sector_opqrstu,26686.835958505035,Multi
DEA4,gva_sector_opqrstu,19424.185350320775,Multi
DEA5,gva_sector_opqrstu,32902.32945499099,Multi
DEB1,gva_sector_opqrstu,14642.267455958965,Multi
DEB2,gva_sector_opqrstu,4621.409619052365,Multi
DEB3,gva_sector_opqrstu,18109.170285814376,Multi
DEC0,gva_sector_opqrstu,10425.598959007384,Multi
DED2,gva_sector_opqrstu,14847.265688877731,Multi
DED4,gva_sector_opqrstu,11854.529108308956,Multi
DED5,gva_sector_opqrstu,10432.043265145036,Multi
DEE0,gva_sector_opqrstu,18932.21945048189,Multi
DEF0,gva_sector_opqrstu,28610.40452956161,Multi
DEG0,gva_sector_opqrstu,19023.078624986243,Multi
FR10,gva_sector_opqrstu,93014.9911474086,Multi
FRB0,gva_sector_opqrstu,20704.70449981781,Multi
FRC1,gva_sector_opqrstu,14918.177724935553,Multi
FRC2,gva_sector_opqrstu,9407.021290932502,Multi
FRD1,gva_sector_opqrstu,11838.870972296481,Multi
FRD2,gva_sector_opqrstu,16503.50695781014,Multi
FRE1,gva_sector_opqrstu,33944.884570534196,Multi
FRE2,gva_sector_opqrstu,15660.63459901386,Multi
FRF1,gva_sector_opqrstu,16995.81543623618,Multi
FRF2,gva_sector_opqrstu,11147.666698459409,Multi
FRF3,gva_sector_opqrstu,19793.30719404317,Multi
FRG0,gva_sector_opqrstu,31051.615756349864,Multi
FRH0,gva_sector_opqrstu,29173.74942163848,Multi
FRI1,gva_sector_opqrstu,30807.154747459193,Multi
FRI2,gva_sector_opqrstu,7260.269069724762,Multi
FRI3,gva_sector_opqrstu,16593.156444394728,Multi
FRJ1,gva_sector_opqrstu,26210.219469962147,Multi
FRJ2,gva_sector_opqrstu,28039.057035610396,Multi
FRK1,gva_sector_opqrstu,11958.342327716375,Multi
FRK2,gva_sector_opqrstu,52029.690671983066,Multi
FRL0,gva_sector_opqrstu,43515.201788591716,Multi
FRM0,gva_sector_opqrstu,3763.526750570565,Multi
FRY1,gva_sector_opqrstu,4628.073925472718,Multi
FRY2,gva_sector_opqrstu,4122.314868547735,Multi
FRY3,gva_sector_opqrstu,2166.923804343046,Multi
FRY4,gva_sector_opqrstu,8391.310938943614,Multi
FRY5,gva_sector_opqrstu,1813.9715019153239,Multi
FRZZ,gva_sector_opqrstu,1091.8252144021599,Multi
IE04,gva_sector_opqrstu,8477.493265648482,Multi
IE05,gva_sector_opqrstu,18326.38305755317,Multi
IE06,gva_sector_opqrstu,27737.765849009967,Multi
NL11,gva_sector_opqrstu,8323.05521961696,Multi
NL12,gva_sector_opqrstu,6516.192640436051,Multi
NL13,gva_sector_opqrstu,5585.850473258208,Multi
NL21,gva_sector_opqrstu,11911.216595018795,Multi
NL22,gva_sector_opqrstu,23965.07089058186,Multi
NL23,gva_sector_opqrstu,3797.21856990207,Multi
NL32,gva_sector_opqrstu,34962.4871392133,Multi
NL34,gva_sector_opqrstu,2771.1292844013765,Multi
NL41,gva_sector_opqrstu,26078.26876558557,Multi
NL42,gva_sector_opqrstu,11513.554631454783,Multi
NLZZ,gva_sector_opqrstu,251.16224670410156,Multi
NO02,gva_sector_opqrstu,6251.958175966751,Multi
NO06,gva_sector_opqrstu,7849.276467391166,Multi
NO07,gva_sector_opqrstu,9314.121274838402,Multi
NO08,gva_sector_opqrstu,31625.269769350172,Multi
NO09,gva_sector_opqrstu,11676.11012088609,Multi
NO0A,gva_sector_opqrstu,22913.068989197127,Multi
NO0B,gva_sector_opqrstu,114.87033687875578,Multi
NOZZ,gva_sector_opqrstu,2830.765625,Multi
PL21,gva_sector_opqrstu,8989.359239670513,Multi
PL22,gva_sector_opqrstu,11751.104153742279,Multi
PL41,gva_sector_opqrstu,8801.224220536871,Multi
PL42,gva_sector_opqrstu,4526.491688867554,Multi
PL43,gva_sector_opqrstu,2443.8196947840142,Multi
PL51,gva_sector_opqrstu,8023.690099513799,Multi
PL52,gva_sector_opqrstu,2188.7543545173166,Multi
PL61,gva_sector_opqrstu,4875.60241980567,Multi
PL62,gva_sector_opqrstu,3465.4149406986953,Multi
PL63,gva_sector_opqrstu,6193.896973367989,Multi
PL71,gva_sector_opqrstu,6796.043921813443,Multi
PL72,gva_sector_opqrstu,2903.517611627247,Multi
PL81,gva_sector_opqrstu,5473.996901607079,Multi
PL82,gva_sector_opqrstu,4754.680827734313,Multi
PL84,gva_sector_opqrstu,2906.234863879725,Multi
PL91,gva_sector_opqrstu,13779.546684305296,Multi
PL92,gva_sector_opqrstu,4739.927901884164,Multi
PLZZ,gva_sector_opqrstu,30.44674060991383,Multi
RS11,gva_sector_opqrstu,3816.8569653617187,Multi
RS12,gva_sector_opqrstu,2228.122229167624,Multi
RS21,gva_sector_opqrstu,1894.6559718446038,Multi
RS22,gva_sector_opqrstu,1622.3872485526622,Multi
RSZZ,gva_sector_opqrstu,41.447569941532905,Multi
AL01,gva_sector_rstu,23.116393445098353,Single
AL02,gva_sector_rstu,211.34617977687765,Single
AL03,gva_sector_rstu,27.996524309297797,Single
BEZZ,gva_sector_rstu,5.058478072565322,Single
CH01,gva_sector_rstu,5.058478072565322,Single
CH02,gva_sector_rstu,5.058478072565322,Single
CH03,gva_sector_rstu,5.058478072565322,Single
CH04,gva_sector_rstu,5.058478072565322,Single
CH05,gva_sector_rstu,5.058478072565322,Single
CH06,gva_sector_rstu,5.058478072565322,Single
CH07,gva_sector_rstu,5.058478072565322,Single
DE11,gva_sector_rstu,5908.337053566607,Single
DE12,gva_sector_rstu,3907.9604230925443,Single
DE13,gva_sector_rstu,3533.343289929873,Single
DE14,gva_sector_rstu,2506.47424167241,Single
DE21,gva_sector_rstu,9275.255086334571,Single
DE22,gva_sector_rstu,1368.9937173801595,Single
DE23,gva_sector_rstu,1308.1890749161018,Single
DE24,gva_sector_rstu,1653.9681494715105,Single
DE25,gva_sector_rstu,2491.882009375844,Single
DE26,gva_sector_rstu,1955.3312483038994,Single
DE27,gva_sector_rstu,2882.5335274174295,Single
DE30,gva_sector_rstu,8095.79587180542,Single
DE40,gva_sector_rstu,3231.364887101044,Single
DE50,gva_sector_rstu,1352.9274882387726,Single
DE60,gva_sector_rstu,4929.2608879694,Single
DE71,gva_sector_rstu,8319.130928692164,Single
DE72,gva_sector_rstu,985.3453218549773,Single
DE73,gva_sector_rstu,1261.7628078259488,Single
DE80,gva_sector_rstu,2162.9623153949897,Single
DE91,gva_sector_rstu,2119.7949458783833,Single
DE92,gva_sector_rstu,3818.408926417408,Single
DE93,gva_sector_rstu,2076.65153505646,Single
DE94,gva_sector_rstu,3186.9126480651,Single
DEA1,gva_sector_rstu,8123.401420305922,Single
DEA2,gva_sector_rstu,8278.350722104009,Single
DEA3,gva_sector_rstu,4363.654567135412,Single
DEA4,gva_sector_rstu,3377.163768231313,Single
DEA5,gva_sector_rstu,4707.813722292228,Single
DEB1,gva_sector_rstu,2017.7523485033312,Single
DEB2,gva_sector_rstu,709.0847265065802,Single
DEB3,gva_sector_rstu,3239.9149287054847,Single
DEC0,gva_sector_rstu,1262.201884182434,Single
DED2,gva_sector_rstu,2251.047488476669,Single
DED4,gva_sector_rstu,1742.27627360614,Single
DED5,gva_sector_rstu,1827.7174562374648,Single
DEE0,gva_sector_rstu,2453.1479299804923,Single
DEF0,gva_sector_rstu,3922.0259423622583,Single
DEG0,gva_sector_rstu,2763.0184636588356,Single
FIZZ,gva_sector_rstu,5.058478072565322,Single
FR10,gva_sector_rstu,17091.01904160832,Single
FRB0,gva_sector_rstu,2114.5083827904955,Single
FRC1,gva_sector_rstu,1210.9563623456327,Single
FRC2,gva_sector_rstu,999.628740511899,Single
FRD1,gva_sector_rstu,1445.658067950516,Single
FRD2,gva_sector_rstu,1288.7116227787953,Single
FRE1,gva_sector_rstu,2934.2926561821278,Single
FRE2,gva_sector_rstu,1363.0170803971723,Single
FRF1,gva_sector_rstu,1918.1015669924313,Single
FRF2,gva_sector_rstu,977.6181625012896,Single
FRF3,gva_sector_rstu,1621.8775254937668,Single
FRG0,gva_sector_rstu,3558.766425962469,Single
FRH0,gva_sector_rstu,3325.793462140078,Single
FRI1,gva_sector_rstu,3440.5902868495104,Single
FRI2,gva_sector_rstu,555.1998811156375,Single
FRI3,gva_sector_rstu,1833.6114422941525,Single
FRJ1,gva_sector_rstu,2422.9165161782757,Single
FRJ2,gva_sector_rstu,2727.670237388375,Single
FRK1,gva_sector_rstu,1191.06297934007,Single
FRK2,gva_sector_rstu,5990.477671289411,Single
FRL0,gva_sector_rstu,5459.332002539261,Single
FRM0,gva_sector_rstu,345.37903106741805,Single
FRY1,gva_sector_rstu,324.1160914970943,Single
FRY2,gva_sector_rstu,319.82367340089775,Single
FRY3,gva_sector_rstu,121.60750049999953,Single
FRY4,gva_sector_rstu,750.409342628202,Single
FRY5,gva_sector_rstu,35.63012003155169,Single
FRZZ,gva_sector_rstu,5.058478072565322,Single
IE04,gva_sector_rstu,655.1283748099843,Single
IE05,gva_sector_rstu,1547.3265246556007,Single
IE06,gva_sector_rstu,3617.9166098943642,Single
ITC1,gva_sector_rstu,4870.7862820937,Single
ITC2,gva_sector_rstu,221.70679246960964,Single
ITC3,gva_sector_rstu,2036.3298804075507,Single
ITC4,gva_sector_rstu,12071.685403151958,Single
ITF1,gva_sector_rstu,1143.6294895896153,Single
ITF2,gva_sector_rstu,226.62357658221444,Single
ITF3,gva_sector_rstu,4988.998713541052,Single
ITF4,gva_sector_rstu,3036.173000591364,Single
ITF5,gva_sector_rstu,399.3545979625192,Single
ITF6,gva_sector_rstu,1197.8581461108797,Single
ITG1,gva_sector_rstu,4452.653178653003,Single
ITG2,gva_sector_rstu,1608.921348235357,Single
ITH1,gva_sector_rstu,776.9032697483153,Single
ITH2,gva_sector_rstu,517.9725214642822,Single
ITH3,gva_sector_rstu,5200.719637748412,Single
ITH4,gva_sector_rstu,1447.490684698154,Single
ITH5,gva_sector_rstu,5504.62332416204,Single
ITI1,gva_sector_rstu,4933.690858595608,Single
ITI2,gva_sector_rstu,980.8031746868224,Single
ITI3,gva_sector_rstu,1698.4994773842723,Single
ITI4,gva_sector_rstu,9695.256773687528,Single
ITZZ,gva_sector_rstu,5.058478072565322,Single
LVZZ,gva_sector_rstu,5.058478072565322,Single
NL11,gva_sector_rstu,474.49322815922676,Single
NL12,gva_sector_rstu,568.8010864122962,Single
NL13,gva_sector_rstu,409.140745065425,Single
NL21,gva_sector_rstu,1034.4072715461025,Single
NL22,gva_sector_rstu,2169.484831029286,Single
NL23,gva_sector_rstu,368.804123436786,Single
NL32,gva_sector_rstu,4683.851465530767,Single
NL34,gva_sector_rstu,239.59962584589513,Single
NL41,gva_sector_rstu,2522.2690910838373,Single
NL42,gva_sector_rstu,1122.9228446691059,Single
NLZZ,gva_sector_rstu,5.058478072565322,Single
NO02,gva_sector_rstu,499.8143112589801,Single
NO06,gva_sector_rstu,480.1852116235168,Single
NO07,gva_sector_rstu,432.16024264421293,Single
NO08,gva_sector_rstu,3266.462457828983,Single
NO09,gva_sector_rstu,656.6201438435645,Single
NO0A,gva_sector_rstu,1268.1182814888896,Single
NO0B,gva_sector_rstu,7.237421673124826,Single
NOZZ,gva_sector_rstu,5.058478072565322,Single
PL21,gva_sector_rstu,958.1033937025618,Single
PL22,gva_sector_rstu,1201.0705020732512,Single
PL41,gva_sector_rstu,961.7291705312401,Single
PL42,gva_sector_rstu,537.6134527685701,Single
PL43,gva_sector_rstu,238.1772336670793,Single
PL51,gva_sector_rstu,854.4337885986876,Single
PL52,gva_sector_rstu,232.67943550990594,Single
PL61,gva_sector_rstu,560.0384698783117,Single
PL62,gva_sector_rstu,335.7507215899162,Single
PL63,gva_sector_rstu,623.0212413090211,Single
PL71,gva_sector_rstu,573.7223653189244,Single
PL72,gva_sector_rstu,269.2431171892565,Single
PL81,gva_sector_rstu,465.7814577551238,Single
PL82,gva_sector_rstu,459.1560465456298,Single
PL84,gva_sector_rstu,277.7899770831402,Single
PL91,gva_sector_rstu,1844.984085855031,Single
PL92,gva_sector_rstu,460.37264990647566,Single
PLZZ,gva_sector_rstu,5.058478072565322,Single
PTZZ,gva_sector_rstu,5.058478072565322,Single
ROZZ,gva_sector_rstu,5.058478072565322,Single
RS11,gva_sector_rstu,891.8492188436791,Single
RS12,gva_sector_rstu,411.1847256122362,Single
RS21,gva_sector_rstu,287.06643183928963,Single
RS22,gva_sector_rstu,206.20810836763764,Single
RSZZ,gva_sector_rstu,5.058478072565322,Single
SEZZ,gva_sector_rstu,5.058478072565322,Single
